text,label
mama ke dabre se bahir a gaye ho kya baat ha chote bacha ka rape howa tha qasoor me baad me pata chala ke tum b un ke sath the ye ha hidmat,1
chinta kt kro beta madhur tmko tmri bhakti ke lie rajya sabha mn entry mil jaegi bo bhi rape ke aarop lge hone ke baad bhi,0
modi ka to pata nahi par aj vi delhi me rape ro raha hai tum log sirf modi modi modi ka mala japte ho delhi walo ko help karo,0
teri gaand ka business,1
aur hum par terrorism ka label lagane wale duniya ache tarah jante hai aur tu bhe india is the main base of terrorism,1
ghamand hai use khud par bahut fake hai chalu behuda ghatiya i hate her,1
bhai tu toh full sleepyhead hai,0
paisay nahi toh elaaj nahi hoga ye b ek kism ki terrorism hai,0
bhai tu toh group ka entertainer hai,0
koi osse rape hi na kar day,0
bhai karan in terrorist logo se bat mat kar apna hi bura hai ye kisi ke sage nahi hote inka alien mohammad khud kehta hai terrorism failao bhai mat bat kar is jihadan se,0
tum log jeeto aur jaetaty raho sirf kashmir main terrorism band kar do yaar mujhy cricket main haar manzoor hay we want freedom,0
kutton,1
aur nyayalay ne bhi aisa mana ki rape k 90 case jhoote nikal rahe hai pic twitter com zm4vshzpag,0
maarey,1
ye hamaaara hi kiyaa huwa h acharya ji agr hamaari army wanha julm naa karti unki betiyo kaa rape na karti unko maarti nhi to ye ab na hota,0
kaam bolta hai despite rape allegations akhilesh yadav campaigns for gayatri prajapati,0
mujhe laga tumhara rape to nahi ho gaya,0
hina ki wakil i hate u sambhavna ji aap ne shilpa sath q nahi diya,1
jo film ban rahi hai bahan hogi teri yahi sari filmo ka karan rape ki ghatana bad rahi hai aaisho filmo ko ban karna chiya,0
tum na he miltae tou accha tha jahaan,0
madarchod politics,1
hate ka jyaada hai love ke comparison mein,0
sala kutta,1
tere pure khandan ko brothel ka chain kholne ka contract de dunga,1
hate u kisi kii image kharab karni ho to vo aap ae sikhe,1
ji ki pavan prerhna se ke sewadar manavta bhai ke kaam me na to kabhi piche hate the na to age kabhi hatenge ayein dekhe samaj ki safayi karyo ka nazara,0
11 logon se terrorism nahi hoti you dumb haan ek gang ban skata hai,0
nawaz sharif ko btao k punjab police theek krle taaake chotu gang se muqabla krske take 300 pornographic videos na bne taaake 11 rape aaik shehar mae aik saal mae na hooo take 2200 rape pore punjab mae aik saaal mae na hoo,0
ha re ek din media ko batana hi padega tabhi vo haramj pakda jayega varna paiso ke dam pe aur do tin murder kar dega,0
jitni drama hai utni hi ghatiya kud dry fruits bed me chupakar khati ho aur vikash ka khana dekhti ho uske chalne ka majak banaya vikash ne video dekha fir v issue nahi banaya aur tumhari chal se lagta hai ki delivery k bad aunty aa rahi hai i hate you,1
today s hate shate target snapchat ya snapdeal whatever chalo ussko bhi baandh ke gaari pur bithana hai,1
tu toh bolta hai main saving kar raha hu phir sale mein uda deta hai,0
muze modi se problem nahi hai tuze problem hai tu dekha i hate congress mar jaunga lekin congress ko vote nahi dunga,1
ha kamyaji ye aapne sahi dekha hai esi hai wo tabhi to sabhi use etna hate karte hai in se to swami om bhi achhe the yaar hina khan haak thooooooooook,1
4 gawah thay charoon nay rape kar diya,1
teri behen ke boobs pe om tattoo karwa dunga,1
haryana me 6 rape hue last 7 din me itna josh waha k liye bhi bacha liya karo,1
arey thoda logon se mil yaar,0
agar waqai yeh log hate speech karty thy to phat tu in ko publicly hanged nazar chie hy,0
tujhe gaali bhi dena bekaar hai,1
molvi shb t v per fashion show dekh rhy thy,0
aik mareez ko a b positive khoon ke sakt zarorat han jo dost dena chahe wo rabta karay,0
shaheed e hindustan ki shahadat zaya nahi jayegi towards end of terrorism in,0
mast joke maara,0
sir rishi aab baap kon hai pata chal gaya chalo choro aap log har gai aab tu terrorism band kar do,0
kuch log british raj ko acha mante h par wo log jo musalmano ki chamchaguri karte h inki kisi na kisi generation me muslim ne rape kia hoga,1
tera talent alag level,0
jo debate kare,0
sir we all know kuch nahi hi ho sakta jab tak world ke against khada nahi hota har koi apne hisab se iski definition deta hai,0
kapil mishra tumhari party ki aukat dikha chuke kumar vishwas bhi saap saabit ho chuke h kejriwal p aarop abhi hate nhi h sisodia ji delhi ki arthvyavastha sambhali nhi ja rhe desh mein kapil delhi bhi aata tum bhi aaj apne aukat apne baat se zahir kar diye anti pm,0
kas yisi tarah udh astar pe rape aur dacaiti ko v rok lete and murder ko,0
jo dharam ko chhupaye vo socho kya bhala kr skta h kisi ka tbhi m socha ye saffron terror kyon kah rha h aaj itna pyar saffron se gandhi nhi gndi nali ki paidaish h,0
azaadi k bad bhi kuch esa kro pak hate felane se to abdus salam nhi bnte,0
arey thoda volume down kar,0
s h,1
aap lafzo ki rani h mohotarma qalam aap ki pehchaan aur aapke ishare s saare lafz sematt hate h aapki barghaa m aur,0
tune pehle bola tere jati k logo ne rape kiya aur maine uspar unka dharm btaya isko bolte jaise ko taisa,0
aur phir mun utha kar ah jate ho twitter par,1
tu ny gandi shakal banaie hoti rape victims ki tarhan ki,0
inki ragon mai wahii khoon hai jo aatankion ki mai hai jab opposition m hoti h to khud b gun uthaane ki baat krti,0
uska land juhsleh sala suwar ka awlaad yeh harami logoh neh tera maa behen ko chodaa taa tum sab ko yeh goreh log rape kiya taa salaaa,0
makkhi,1
nahi rape kam huye na jobs badhe up bihar jharkhand aapse nahi sambhale na sudhare baatein kar walo aapke logon se khali,1
yaar tum hamain sikha rahy ho k terrorism band karo pehly hamara jo kashmir tum logn ny hathaya hua hai usko tw peace main rakho,0
chill yaar shilpaa wo nahi samjhegi apna khoon math jala gulab k piche wo bas akash pe taras kharahi aur kuch nai calm down,0
vo aur desh hote honge sir yaha to rape ki fir bhi nahie hoti aur log mar jaate hai,1
arey mood mat kharab kar,0
bc aaj to dil kar raha hai khud ka rape karwa lu haar se mood khrab ho gya,0
izat tumhari bhot pahle loot gyi hai,0
tu toh ab bilkul pati material hai,0
bani is made to hate meri maa ko bola sab ayo help kro another case bani tumhari maa ko bola main kya kru,1
bhai tu bs hate karta hai issleye bakchodi kar raha,0
bhai tu toh full mood swing wala package hai,0
i hate u peso k liye kisi ka sath dena galat baat he,1
jra haryana rape case pr bhi kuchh boliye,0
tumhare hindu baba ne tumhari hajaro bahan betiyon ka rape kiya hai aaj usko jalane ke liye koi nahi aaya kya yahi hindutwa hai dogle log dogla dharam,0
maa chod di ambition,1
though i hate ijt but ye dehshat gard wala hulya kaisa hota hay,1
so called global islamic terrorism abe mulle tu chutiya hai bahut bada chutiya,1
anyway aap kro jai meem jai bheem ka nara buland aisa hi jogendra nath mandal ne kiya tha 1947 me brahmin aapko tu b khde to manuwad najar aa jata h muslim chun chun k maar rhe h rape b ker dete h to aapko bhaichara njr aata h jio bahadur jio,0
n we hate u tereko log bas gaali dene ke liye follow karte hai tu kabhi apne comments khol ke padta hai log kitni gaaliya dete h tujhe,1
what s wrong with sapna samjhti kya hai after hina i hate her kitna attitude hai karna kuch nahi hai bas bakwas karni hai,1
tum saale porn film dekh kar kashmiriyo ka rape karte ho,1
aur tu kiska jo abhi delhi me pakdaya hai pregnent kutiya ka rape karne ke liye,1
arey tu toh bolta hai meri bike modified hai silencer hi badla hai,0
tu toh full visionary hai vision zero,0
pestol dekhaaer rape garn bhaneko jasto pic chh yo ta haitt,0
sir hum piche isiliye hai ki desh ka kanoon sahi nahi hai har 26m me ek rape hota hai bharat me daily koi javan saheed hota h border par sir,1
yeah that s why i hate salman pichli baar bhi salman ne bahut bola tha gaurav chopra ko aur side manveer manu ki leta rehta tha,1
kuch hote h joh bhai respect nah hate karte h isliye bolna parta h apse koi against nah h wese acha k tum respect karti ho,0
lavander,1
hina khan chalak aur dhokebaaj lomdi hai mai aaj ke task mein hoti toh uska ka nak katke use shurpanakha banati i just hate her,1
girls who put half avi banda onko kesay samjaye k agr onka murder ho gya to laash ki shnaakht kitni mushkil ho jaye gi,0
ab baat nafrat ki hy tw soch tera kiya hoga feeling angry,1
arye waha kuttey k sath shadi karne wale aisi batein karte hain or medical ki student k sath 13 logon ne rape kiya tumery india main woh,0
dilog acha hy rishi sir sbko pata hu terrorism kon kr raha hy soo plzzz dosron pay ilzm na lagao pehly apne ghr ko saaf kro,1
sanbhu kya haal hai jo apni bhahen ka rape karta tha us jurm ko chupane ke liye ek 55 saal ke bujurg ko piche se chura bokh ke maar diya tha,0
i also hate bani but isse gay lesbian ka kya sambandh cheap comments humlog kya mars se ate hai gay lesbian aur kuch,1
but i hate dictator jo bhi guzray hen jis ne bhi apne mufad k liye army ko used kiya pic twitter com pdijuaaige,1
sir aaye din hamare desh mai jo gang rape hota hai ladkiyo ke sath usko insaaf dilane ke liye aap kaunsa law banayenge,0
sir me himachal predesh se hu sir agr apne social media me dekha hoga ki himachal k kotkhai me 10th ki student ki rape k baad nirmum htya,0
madam jab tak sonagacchi sahi salamat hai tab tak bengal mein kabhi kisi ka rape nahi hoga,0
galti sab se hoti hai par 125cr logo ko fark nhi padta hai par tumne jo aaj kiya i hate u man,1
tumhe israeli kutte ke sath selfi nahi leni chahia thi kiya tumhare ghar bachche nahi he kiya tumhare ghar bahu beti nahi he agar un ka rape ho to aap ko kaisa lageaga tab bhi aap islaeri kutte ke sath selfi lete sham on you bacchan,1
devdasi bana kar mandir me rape kiya hai,0
raveesh ji u r right,0
teri gaand faad di,1
jinke ghar me laterin na ho unki ladies ke saath yadi rape hota hai to ho aisa law banana chahiye stopped rape,0
aur kapil sir ka show dekh kar to sare gum door ho hate hai,1
matharu se ye poochiye ki ghaziabaad school mein kuch samay pahle rape hua tha inhone woh mamla daba diya,1
aaj phir video song hate story 2 arijit singh jay bhanushali surveen chawla,0
anant singh arun singh omparkash janadan sriagrawal ye hatya rape gunda gardi kre to bht accha,1
people don t love shilpa as much as they hate hina tu laga reh,0
modi se phoocho haryana jal raha hai modi bhaag hate hai,0
i hate chai jab muje banani par jaye,1
tujhpe gussa isliye nhi nikal rhe ki haar gye isliye ki tm maderchd terrorist ki aulad ho aur tm bhi terrorist i hate pakistani kutte,1
saharan pur ke dalito ki hatya aur rape pe chuppi keyo thi,0
tere yaha to rape normal hai isliye report nahi karte jitne pak ne run banaye usse jyada log roj marte hai bomb blast me uspe ro sale,0
kashmiri hindu innocent nahi the kya unhone kya gunah kiya tha unke sath q rape mass murder hua kisne kiya terrorists kon hain,1
kulbhushan bhi katega phansi pe charha ke bhej dein ge independence day pe,0
bhai anti romeo squad phle hi din banaya gaya aur mulayam singh yadav ne kaha tha ladake rape karte hai to kya hua galti se karte hai,1
aur dono ko bhadkane ke liye ye dress twitter com 1suw3nbjpi,0
m garmi,1
ja apni maa bhahen ka rape kar tum logo ka kaam hi yahi hai madarchod,1
tere baap ke gaand mein eiffel tower ghusa dunga,1
varun pruthi cuts his wrist yelo mera khoon peelo,0
haha tu toh full nashe mein lag raha,0
tere baap ka lund kaat ke usse keychain bana dunga,1
debate harega tho chup chap ho jayega kisi aur indian ko pakdega kaam dhanda kr apna desh dekh aur khus rh hame krne de rape,0
aise hi rape hote rahenge jabtak rape ko rarest of the rare case maan kar rapist ko death sentence nahi diya jayega period,0
kya yaar konse terrorism ko support kar diya yahan kisine aise to 12 saal ke faizan ko bhi terrorist bol do goli maar di sar ke peeche uske,0
tu toh pro hai,0
rape ke liye death of sentence rape ke 1 week ke andar deni chaiye,0
agar yaha rapes hote bhi hain tou ratio india wala nahi hai zara apna ratio dekho ja k tumhari har gali main rape ho raha hai,1
teri baari bhi aayegi beta kar le comments gande velle log priyank ka naam dekha nahi aa hate hain muh utha kar why are you so obsessed with him shilpa me kuch nahi hai dekhne laayak priyank se itna pyaar hai,0
same i hate him too kamina abhi zameen se nikla nhi hai puri tarah aur harkate,1
use ghar ki safayi karni hogi i wish sanya kabhi mere ghar ayi hoti pkka mera murder kar deti mera room dekh kar proud of fatimasanashaikh,0
good night king,0
lawde lag gaye plans,1
tag block bhakt ka real srk haters,0
dekho maryam ko vote ja raha tumhare fans ki taraf sa eman hate maryam,1
hum to lagta hai ki sanghi aur bhakt ko mandir me ye sikhaye jata h ki koi teri behan ka rape karega to bolna meri behan ka hi galti hai,1
sai hai ye kehri ban rape jaise aagey to sarkaar ne choot de rakhi,0
achha bta diya hum n show hi nhi dekha tha khbri krta kuch ni sirf maa bnta h kr hina ko hate,0
aap se dhyaan to hate pahle,0
ek movie ne logo ko gyan gyani bana diya haryana me rape horahe hai kabhi uske liye b lecture dedijiye ya beti bheno ke liye guru gyan khatam hogua apke pass,0
randi,1
haraami,1
great aap jaise hi himmat wali lady ki jarurat hai jo film ke liye nahi apne hakk ke liye haryana mein ho gang rape ho raha hai in sab ke liye jauhar kare gov jarur aur hamre society sunega,0
tu toh dil jeet leta hai sabka,0
bhai ek hug de de,0
r r0n band kar,1
match ho gaya now we must ensure ki terrorism bhi khatam ho jaaye,0
kya teri amma ka rape karne roj baba raat ko aate hai,0
people are more important than their mistakes nafrat karna nahi aata hota hi nahi yaar aur apno se toh bilkul nahi,0
baapchu,1
terrorist attack ho tou shor hangama macha deta hai media aaj tak ek program nahi kiya ke terrorism hoti kyun hai issay roka kaise jaye,1
arey thoda action le yaar,0
agar dekha jaye to terrorism ap k hukamran he phelate hai,0
bhai hate failane ke alawa kabhi aur kuch kar liya karo,0
dikh raha kashmir me danga ho raha auraton par goli chal raha up me sp office ke peechhe gang rape ho raha ye hai sachchai,0
abhi bhe time he sab sudar jao,0
crime petrol ka epi nhi dekha 5 sal se ghar mai kam karte hue maid ne apne hi malik ka murder kiya kisi pr bhrosha ni karna chahiye,0
list bahot dekhe hai hate nahi karta to anurag ko kyun bol raha eid pe aao salman ka ____ maaro yeh kaisa pyaar hai baba,1
lund pakad ke nach,1
nhi allah ka shukar ha pakistan mei sb kuch ha hr naimat khush haal mulk ha agr aur sazishen bnd kr dy,0
tu toh bilkul alarm clock ka dushman hai,0
teri maa ke saath goa beach pe honeymoon karunga,1
bhai tu toh bilkul same to same hai,0
gau hatya beef exports kashmiriyat ke naam par haivaniyat bengal kerala mein hindu ki hatya rape aur loot kahan tak sahega hindu,0
bhai tu toh oscar deserve karta hai,0
kisi ko afwah me mar diya to muje kya hazaro ka rape hua usse muze kya meri sarkar h mai rok ni paya use tumhe kya,1
rahil sarif unhe bhi business terrorism shikhayega,0
bh0sd k3,1
tune dikadi na tumare jaat ki asli rang tum saab hijde ho tum jaise logo hi rape karte usliye delhi ko rape capital bolte hai madar chod,1
randwa aadmi,1
arey tu toh alarm ka baap hai snooze karne mein,0
bhai tu toh google se bhi tez hai,0
waha to awaz nahi nikalti hai kyuki wo rape hindu bhai ne kiya na wo crimanal nahi hai jao jakar pehle rape karna band karo phr bhonkna,1
sirf bologe ya karoge bhi padmavati issue pe bolo ohh kaise bologe bjp me lafda chalu hai smriti irani bollywood ke taraf se aur unpad cm karni sena ke taraf se aur uske upar se badhte rape pata nahi kya hoga kuch karo aap pm ho desh ke,0
this is india log dil se sochate h we hate you jo apne shilpa k sath kiya or baher aane k baad apne dekh hi liya hoga ki awam kis k sath h,1
koi larki nazar aajai inke frustrated larke waheen shuru hojate hain ye bi terrorism ki hi ek type hai balochistan aur kashmir mei gund,0
sir irony toh ye hai ki puri zindagi aap logo ne kaha ki aap terrorism ke shikaar hai but aap log khud he terrorism phaila rhe hai,0
are toh rishi kapoor se badla lo pure india ko thodi represent karta hai wo keep an open mind hate se milta kuch nhi,0
party hard bro,0
tu toh hamesha late hi hota hai,0
show rigged hai aur shilpa ne kya kiya yaar jo usko kaha joota nikal ke maruga to joota bhi ganda ho jayega ma bana ka shauk hai to bahar nikalo shakti kapoor wait kar raha hai i hate u i m deeply hurt,0
haha tu toh full tension king hai,0
drd thode hi h ab 13 baar rape hua icc tournaments m uska,0
aaj pehli baar 11 logo ka aik saath rape hoa aur live bhi dekhya gya,0
gandagi ke dher se tum jess pillay pida hote hen rape ki paidwar ho tum log,1
acha tou un per quota system laga ya unko punjab say baher nikala jaisay mohajiron ko nikala intr sindh say unki industry nationalise hoi unko punjabion nay nafrat say pukra jaisay sindhi pukarty thy punjab ny unko qabool kia lakin sindhi ny hum ko nahi qabol kia,0
gaali is good for health,0
ye hmari gairatmand qoum hai inhy kch mat kahay plz warna ye kabba m bethi hawa pay jism faroshi ka ilzam laga kar uska rape bhi karday gy,0
the nation hate gulalai gulalai ne apna aur apne saare khandan ka sar sharam se jhuka dia lekin sharam se to wo nawaqif hein,1
laashon ka khoon dhul jaye ga dil ko sakoon nai aye ga phir,0
nice effort proud of you,0
nawaz sharif janwer hai or khawateen ko rape karwata hai punjab main,0
haan unhi brahmino ke saath jisne inka rape kiyaa akhilesh hi bachayenge sab dalit ko,0
punjabion ne punjabion ko maara isliye nahi jataya aap ne kisi ne nahin kaha tha apne hi zaat paat muhallay ki aurton ka rape karo kisi ne nahin kaha tha aik doosre ke talwaaron se shaheed kar do ab is main koi aur kia kare jo punjabion ne khud aik doosre ke saath kia,0
hate this naqli hasi ok,1
tu toh joke mar ke hasa deta hai,0
lions of kasur ke baray mein bhi tweet karain jo bachchon ko rape aur video ker ke dhanda kartay hain aur jin ko punjab police aur rana sanaullah openly protect kertay hain,0
teri behen ko porn set pe bhej ke daily gangbang karwayenge,1
aur tere musalmano ki terha hum apni bahu betiyo ka to rape nahi karte saale,1
kaabil ki rape karchuke hai na naakabil beta ki krish4 ki bhi ch jaayega toh aur bhi majaa ayega uske baad uska career khatam jo hojaayega,1
3 tumhare purkhe kamzor the apni aurato rape hone se nahi bacha paye,1
agar third eye insan dare to rape case zero ho jaye n sare imandar hojaye,0
bhai mai aapke sath hu aapne unhe banay hum to jante bhi nahi the unhe unki shakal dikhi to t v switch of hate you sunil all,1
theek hai rape to nahi kiya desh chalta hai,0
ye saala pagal ho gaya hai shaitaan ki aulaad shut up u hate monger sonu,1
wo mere bina khush hai tho shiqayat kaisi ab use khush be na dekhu tho ye mohabbat kaisi,0
jaat,1
kiran kher ji aap k sath bhi huwa kya rape jaisa kuch warna aap kaisa kati hi k rape ek mamuli bat hi matlab aap k sath bhi huwa hi,1
hate u use bola jata jise sab se jada love karte ho,0
teri maa ke muh mein lund daal ke national anthem gaunga,1
ap k desh wasiyon k dil to nafrat se bharay hoye hain but hope for the best,0
wait kar show bhut jald band hoga 100,0
sab k dil ki baat aisi he hai koi working saturdays sey pyar nahi kerta we hate them,0
sasti lokpriyeta ke liye chote sale modi ji per galat salat jhuta mudda it hate rahta hai,1
tum phly apnay desh ko rarest logo say bachao jo masoom girls ko gang rape kart hy then telus,0
acha choddo yaar tum log jeeton aur hazaaron baar jeeton sirf aurtun ka rape bandh kar do yar mujhe haar manzoor hai we want peace love,0
agar vikas ne woh dost chune hai matlab woh ansu bhi sache the woh torture jo usne saha woh bhi sacha tha shukar karo vikas hate nai karta ss ko arshi jaisa dil paane ke liye ss ko das janam lene padenge aur std ki baat ss ne bandgi n puneesh jaise ghatiya logo ko dost maana,1
arey tu toh perfect insaan hai yaar,0
upendraji agar maulvi terrorism phailate to 20 crore terrorist hote koi nahin bachta bharat mein sochiye zara,0
beechka,1
paap matlb fake girls se pic twitter com wz0kks431h,0
sc ko masooon ke saath rape karne walon ko mritudand dena chahiye iske liye kendra se kanoon banane ka aagrah karna chahiye,0
ka baap hai tou ki baat q ni karta,0
izzat se yaad ap ke ghar ki maa behn ki izzat bachi hoi hay yah wo kia hay na aj kal endia main rape kuch ziada hi ho rahy hain,0
ab to tune bhi kar diya tweet ab teri gand se bhi nikleg khoon madar,1
chus,1
n need to fire today afridi hate apni jagha ty takziya nigari da shauq apni jagha,0
hate u arsh trend karna hai kya me hi mila hate u bolne ko,1
pehlay aap inhein rape murder say tou bacha lein,0
bhensa ko van karna chye tha us or awaz uthanay wlay ko ban kr diya hate speech tou bhensa kr rha hai,1
bhai tu toh dil jeet leta hai apni bakchodi se,0
hahah i hate this yaar garlic ki tou smell hi nahi jati hai,0
i hate dis line 2 i mean shaadi ka koi mtlb hi nehi hai sirf or sirf rasme mai,1
agar ye ithna progress chahtha hei tho apna desh chalo udbar kuch karo terrorism band karneko,0
jab tum paida howe thy os waqt bhi india me rape hote thy or tum osi ka result ho,0
haha tu toh full package hai,0
ka level kam kar deta hai,0
teri maa ko burkha utarwa ke miss world banwa dunga,1
koi kuchh kare ham nahi maante e v m kuchh lochcha hai yadi e vm hate nahi to desh jal jaayega,0
tere baap ke balls kaat ke gulli cricket khelunga,1
aur us waqt kisi ne intolarence hai desh mein aur communalism terrorism hai desh mein nahi kaha,0
mehanat to school me copy karke likhne me b lagti hai fir illegal kyu atanki ko b lagti hai fir nafrat kyu paise lekar ghar ki aurato ka smman bech doge kya paise aur mehanat ke liye aap,0
love you mere yaar,0
bh3n k3 l0d3,1
arey yaar thoda sach bol na,0
haha bhai jaane de sirf hand shake karna inke liye creepy hai par ration card ke naam par molestation karna aur nirbhaya ke rapist ko reward dena sanskar hai inn jihadiyo ke muh na lago rape halala yahi inka culture hai karne do jitni marzi utni spamming,0
you re love kaun gadha hate karta tujhe,0
oh god i told u na first day jab adi ki ek v scene tak nhi hua tha tab se sab bol rahe the aditi i hate u,1
jnab bat ka rona rohain hain k kb tak ye racisim chalyga q in logo ko apny ap se door raka hain jb tak in logo ko hum gallein nhi lagayengy us waqt pak se terrorism khatam nhi hoge,0
riya delhi main uska murder hua hai uske headline jaise zunaid ki banayi thi kyon nahi banti kyo who hindu thi,1
saale tharki insaan,1
tu pagal ho gaya hai kya,1
teri bhahen tuje kya keti hai bhaiya chor do mein aap ki bhahen hu haram khoro kam se kam apni bhahen ka to rape mat karo,1
inka malik bolega tab bhokenge ye abhi koi brazil se koi hate video aya nai hai shayad,0
abey 1400 saal see wrong translation ke chakkar main lakhon log nar diye aur rape kiye mullon ne kiska ullu bana rahe ho,0
apny bachon ko bahir na bhejna koi unka rape na kar dy magr ap khush he as me ho,0
tumne half dekha hai pura dekho,0
tu toh bilkul zero confidence hai,0
i hate,1
l nd topi,1
chalo kabhi toh kuch achieve kara pakistan ne apni zindagi mai nahi toh sirf kalesh aur terrorism hi karte hai aur jhelte hai,0
himesh i hate him kya mike laga ke rakha hai kya gale mein,1
tere baap ka lund kaat ke usse keychain bana dunga phir,1
g gr0up,1
tere baap ka lund kaat ke usse straw bana ke juice piyunga,1
bass ye viku hina ka name kyun laata hai baar baar i just hate that,1
bhai ko koi kese hate kr skta,0
tu toh kal se karunga wale insaan ka world record holder hai,0
40 saal ke muslim ne ek 4 5 saal ki bachhi ka rape kiya ye muslims ki insaniyat ko dikhata hai right what s ur view,1
tu toh bolta hai 5 minute mein aa raha hu 50 minute baad aata hai,0
har pal yaha hate hi rahe ladte raho kal ho na ho,0
berijgari bhirastachar rape ananyay chori aur garibi,1
aur rape karne wale ka arey uska kya usme toh humare desh ko aur naam kamana hai,1
jab tak naa lage rape charges,0
chem k liye scenes saath mein hona chahiye na hote bhi h toh dupes k saath hate cv s had it not been divan band ho jaata abhi tak,0
mai apse ya puch raha hu ki kya haryana ka rape kand koi bjp wala kiya hai kya jo bjp ko bar bar nishana banaya ja raha hai saach hai ki waha bjp ki sarkar hai to police chape mari kar rahi hai gunahgar ko baksha nahi jayaga,0
han ye monkey kalbhoshan bhi pakistani h na or isy pakistan ne hindustan m terrorism phelane bheja tha jao pehle aina dekho,1
at least apni na sahi apnay poorvajon ki janam bhoomi se itni nafrat tau na karain kapoor saheb,0
kya timepass kar rahi hai sadak pe kisi se bhi poochoge to bolega hi ki rape roko is this a selfie campaign,0
koi khoon ko holi nhi kheli ja rahi ji apko galat dikhaya jata hai taki ap india ke against rahi,0
i hate it hostel me banti thi us din chawal me ghee aur namak daal ke khati thi,0
choosu,1
corruption bhi terrorism jitna bara nasoor hai dar sahb ka us baray mai kia khyal hai,1
rapist marenge tb hi rape rukenge,0
chodu company hai,1
sir naliya rape case in gujarat kya aap bhi aise pagalbillo ko ticket doge,1
kisi mullah nein india mein rape nahi ye khasiyat jnaab sirf ap hi mein mojood hai islam aurat ko respect daita ha,0
b a n g a l i r p i t h e p o r o b maa dida ar hate toiri pithe ke kota khale,0
nirdoshita k pure praman rehne pr bhi bapuji ko abhi tak bail kyu nhi di gayi jabki fir me rape ka zikr tak nhi hai,1
aur kehte hain hamaari sarkaar banwaao to ham aalu ki factory lagaenge,0
chut,1
mari ukaaat ki baat karta ha kisi madchod ki ulad phele apne wahan k halat theek kr har 15 mnt ma aik larki ka rape hota,1
bihar me fir se double murder itni shanti aur kaha milegi bihar me murder ka bahar hai,0
itne sidhe hote to baat hi kucch or hoti pata nahi kyun terrorism ko panah deke baithe hai,1
rape se jo tu obsessed hai aur tuze live rape dikhana mera farz hai isliye fikar hai aur attached toilet bana diya tha hamne 47 me hi,0
listen to aj phir tum pe piyaar aya hai hate story2 arijit singh by awais jalil on,0
tu toh bilkul antisocial ho gaya,0
hahhaah i hate girls who call bhai abby bhaee bhai sirf apna sagaa zaati huta hai hr rah chalta bhai ni hta jisko bhai banake bth jti hen,1
code phatta hai toh phatne do mujhe project se nafrat ho gayi hai mujhe development team se hatne do,1
l nd st ng,1
kauish puchta hey hey hai chini bye,0
bhai tu rockstar hai,0
aur jumme ki namaz main loud speaker pe jo nafrat felayi jati hain uspe bhi kuch tweet karo,0
mein bahut lok nasha shod kr hate haii,0
kabil to bahut hai pakistani terrorism me sbko pachad rkha hai 72 hooro k lalach me dimag uske aage badhta hi ni,0
aaj india ka gang rape hogaya,0
hindustan mei har din 25 30 rape hote h tab toh awaz nhi utate jab baat movie ki aai sabke talwar hato mei aagai sharm karo,1
ha donone bhi hritik ki maarliek ne mohenjo daro k sath aur ek ne kaabil k sath rape kiya,0
i hate the song swag se karenge sabka swagat coz sirf pan parag se hi swagat karte hai yaar,0
aree 16 dec gang rape me justice ke liye protest kr rhe logo pe laathicharge krna even ladkiyo ko marna ye manmohan ji se seekhe,0
jitne bhi atanwadi pakde gaye h na wo sub hindu h ek bhi muslim nhi or jo bhuchadkhane chala rahe h na wo bi hindu h or rape baba,1
abey aaj 2 zinda bhi hai vo bhi india ko thank you bol varna pakistani army tere baap ko murder kar deti aur teri maa ka rape ke baad murder,0
ishliye corruption ke jariye sab ki khoon choos rahe heine,1
dekhti hu kab tak hate karti hai,0
tu mera idol hai,0
indian apni behan k sath rape karte huey,1
lagta hai aap ne movie dekhi hai which is written by srk original me latif ne dango and terrorism ke siva kuch nai kiya tha,0
or vo bakri ka rape nhi karte hai vo unki begam hi hoti hai,0
arey mere cafeteria mein bhi milta hai with sambhar hate poha,1
aurat sirf shakl o surat or jism ki waja sy khobsorat nai lagti waja kuch aur b ha wo ye k wo picha nai kerti wo rape nai kerti wo yaktarfa mohabat me qatal nai kerti,0
insane kuch log or kuch rishte to chang nahi kar sakta na kuch allah ki taraf se ho i hate life is not beautiful for me,1
ab tak to lag rha h centuri lag gya hoga rape ka tumra dub maro tum sharm se,1
rehaii mil chuki hai par khauff barkaraar hai i have been freed but the terror remains,1
fasi ku deni chaheye es darinde ko mai bhej raha hu video es muse par bhakto k mumh band ho hate hai pic twitter com ymxzam5twh,0
child rape par tame loko majak kari rahya hata tyare tamara mummy ne tamari chinta noti thati bhai,0
aaj akhil ko rape ki baat bhi bata di dil p ek bojh tha halka ho gaya hai,0
janab sirf up me rape nahi hota hai gujrat me 23 bjp leader ne 12 ladies ke sath rape kiya tha aandh bhakt,0
but abhi cutiyapa itna badh gaya hai ke sarcasm ka rape ho raha hai,0
i jz hate ths looser reason being jo sala apne baap ke diye naam ki ijjat na kar saka usse or expct b kya kiya ja sakta hai 1 2,1
lundoos,1
tere baap ka lund kaat ke usse keyring bana dunga,1
kisi besharam ky bachy agar cruppt log vote lain gy to kia wo teri behn ka rape kr sakty hain gandhi nali ki paidawar,0
haraam,1
innovation unake khoon kae katrae katrae mein hain,0
kyu hindu mein nhi hai kya are hinduo mein mein kese haram hoga hinduo mein rape karna bhi prashad hai,1
makhanchudai,1
to hindustani naam rakho ye terrorism failaane waale arbo ka naam kyu rakhtain ho,0
armaan ko baarish me bighne k baad wala nahana nahi pasand thts why he hate rain,0
i hate my hazir dimaghi zaroorat k waqt aksar ghaib rehti hai,1
g capital punishment for rapist ya abhi aur rape hone ka intezaar karegi sarkar,0
chodho,1
kuch logo ne enjoy kiya kuch ko afsos hua aap pure fans ko nahi bol sakte i was also sad but i also hate her too,0
hina toh bas luv aur priyank ko use kar rahi thi i hate her,1
kya bol raha hai tu,0
india ki news chor pakistan ki news padh panchayat ne rape ke badle rape ka ailaan kiya tha,0
behen ka lund ambition,1
jo sitam uthakar bhi pichhe nahi hate wahi lokpriye neta hai,0
love from india,0
bilkul sir terrorism hi khatm karne ki koshish kar rahe hain kulbhoshan ki phaansi se kuch to kami ayegi hi,0
arey tu toh full flirt hai emoji se hi dil jeet leta hai,0
itna bada namard hai ki agar iske samne koi eve teasing ho ya rape ho to baith k hasega ar bolega mai kyu padu inke beech mai aise aadmi kalank hai hamare desh k lye,1
tu mera real bhai,0
are m not her pa or advocate menu ki lena karo hate starting me meko bhi acchi nhi lagti thi phir lagne lag gayi aur fav ho gayi,0
lagta hai jab angraiz gay thy to sae daba kr hissa dal gaye jo aj tk angraizi nae gaye khoon me se oh sorry urdu hai apni amma se pucho,0
shozi ghor se dekhain mein ne hira ki li hai side or tayyab ko kanjoos bola hai i hate you now bye,1
ab rohan ko hate karnai wale ko ab jelous hoo raha hai and ab muh band hoogaya,0
chapoor sahab hum terrorists nh hain or nahy kisi ko taqlif pohchate hain hum local log hain or rhi bat terrorism ki toh ap achy se jante ho,0
dhyan rkhan apna rape bahut ho rhe wahan,0
i hate u kamya muje regret hota he ki me kabhi aapka fan tha aapko insaaniyat naam ki koi chij hi nahi he aapne i hate u kamya,1
tum kya karate ho usse dusre ko kya lena dena modi tumhari shautan hai kya tum ne tau rape kiya tha jab 19 saal ke the,0
haha tu toh full demotivate karta hai,0
sir aap kuch logo ki wajah se terrorism ka poora malba sab pakistaniyon k sar phenk rahe dil to na dukhayein,0
hate zyada ya pyar jyada,0
bohot badiya presentation tha,0
aur rape to beta pakistan me jada hota hai smjha na tum log ke pass itna paisa nhi hai ke usko news par dikha sako bc gareeb saale,0
kya bol saktey hain ab men are trash bs ik pathr pe lakeer lagado bhai hum bi men hain humne to rape jokes ni kiye na ni bhai men are trash,1
i hate shilpa ye jo dikhti hain na woo nahi hain every time simpathi leti hain salman khan se,1
teri behen ko gb road ka brand ambassador bana dunga phir,1
i hate u na khud kuch karo na dusro ko karne do pic twitter com vojy4oobrk,1
rape kya plastic polythin hai kya boldiya ban to abse rape band kya yaar kon likhta ye sab,0
a pakistani hurt hua bas itne mehi kal tv aur aankh dono phod lega tu ek rape live hone wala hai pakistan ka dekh liyo agar light ho,0
vaise media walon ke bhi rape ke maamle saamne aate rahe hain tumhari media society ko kisne ganda kiya hua hai uska bhi report nikalo,0
jis confidence se barca fans bolte hai ke ronaldo ne rape kiya hai mujhe to shak hai ke messi ke 2 loundo me se 1 ronaldo ka hai,0
agar is team ka captain dhoni nhi to ye team kuch nhi chahe kisi ko bhi le aao lakho log aaj apki team ko hate krne lge h,1
teri behan ki nipples ko rassi se bandh kar usko rape hahahaha,0
incredible india log bachchiyo se ho rhe rape pr skht kanoon ki maang k liye itne ugr nhi hote jitna pdmawat k liye shayed rape choti baat h inke liye,1
kami hamare andar khud hai jab rape hota hai to candle march karte hai,1
wo larki jis ne mardo ko rape ki dawat di pir haqeeqat jane je bad cahkra gayi via,0
i hate nikolai,1
ladkio ke lie kab debate karoge 6 sal ki ladki ka rape hogya us darinde ko fasi konsi date ko horhi h puchiye zra sarkas se,0
paisa khaya hoga ya rape case me arrest hua hoga,0
tamasha jaane tuu yaa jaane naa i hate luv stories bachna ae haseeno,0
tweetr pe murder ki planning padh li to ghar aake utha lenge muje,0
waise to shia sunni apas me ladate rahate hain iraq iran me lekin wah terrorism nahi kaha gaya,0
maut ke saudagar aur khoon ki dalali kehne wale aaj modiji ko uttam vaani pe lecture de rahe hain,0
haan bilkul jo rape kr k aur logo ko lynch kr k maza lay aisa maza nai chahiye,0
to pyar hoga to hate hoga na aeshi,1
1 saal ke liye dhoni ko captaincy se toh hata doge,0
pyar samarthan kar raha tu nafrat ka aur baat pyar ki baat kr raha hai aur gou mutr pe mirch lagi apna tweet pehle dekhlo kya kya bole ho,0
ha yaha ke bache bhi teri amma ki rape kar denge porki chut,1
pichhle 15 din me kitne child rape ke case samne aaye hain pigistan porkistan me haramzado tumhari galti kam hai kyonki tumhare paedophile suar mohammad ne khud 6 saal ki bachchi ayesha se nikah kiya tha aur 9 saal ki umar me,0
bhai tu toh bilkul future ka sochta nahi,0
khud hi rape karke khud hi protest karogo to arrest to hona hi hai,1
haha tu toh full rockstar hai bhai,0
lund le madarchod,1
bc pehli baar kisne hail hitler kaha hai nahi toh ko sab sadakchaap wala gaaliyan dete hai,0
aksar rape gundagardi aur gaaliyan boli jaati hai har galiyon me kuch din to gujariye up me,0
well said bas tum log bhi gadhon ka rape karna band kar do pic twitter com hedxpmenun,1
ess kaam ke saat saat jo apna desh ka rools be change kardiya too kushi hongi rape murder ye subb karne valeko paasimeladkkana,0
baramha ne apni putri saraswati se kyo rape koya tha,0
sir ye hae vikas shamshan kabristan eid diwali p raajniti bina khoon bahaye aap ko sukoon nahi milega,0
ashram me rape karna sikhya jata hai sabko malum hai,0
mujhe tou pata bhi nhi tha ke indians andhe hain puri duniya ko pata hai ke sab se zaida terrorism kis country country me hai,1
lawde lag rahe hain,1
seri pull par truck ka hadsaa,0
beta laundon ka bhi rape karta hoon beware,0
chodu bhag,1
vivad hone pr freedom of speech khatre mein aa jata hai,0
ye nahi ho payega iske liye terrorism khatam karo,0
bani mom is mom bani father is father utna hi karo kisiko jab khub pe aaye to jhel sako jst hate her,1
rishta likhenge hum naya chotti thakurains chakarvyuh earns ratans hatred,0
arey tu toh full live in the moment hai,0
hate u arshi khan hindustan ki awam dekh rahi hai dushman se dosti tumhari ye game hai ya pyar,1
i hate sunil grover koi agar mujhe free me v unko milne ke liye bulayee na main thukne v nahi jawunge he hurt me,1
kutt3 k3 b,1
i also hate her mc bhut ghamandi hai srk ko thanks tak ni bola,1
tabhi toh tum jaiso ka rape ho jaata hai aur phir candle march nikal kar naatak karti ho,0
musalman tabhi musalman hota hai jab wo ya to maar kha raha ho ya acha kaam kar raha ho jab wo dusro ko maare tab terror has no religion,0
and and and kashmir main tumhari kutti army jo kashmiriyo k sth,0
apni army ko roti do,0
to jyadda tar rape india me hi kyu hote hai,0
is rakshas ki bajao hate u arsh,1
apni bharat mata ki har aurat ka tum rape karna chahte ho aur kehte ho aazadi humse chahiye arrey kameenon,1
thk hai iska rape kro phr hum bhi bolenge ki rape to hote rehte hn,0
abbe isse koi maaro bc ko agr itni hi fikar h to up m jo itne rape cases huye unhe rokne k liye kuch q ni krta,0
m ch0d d y,1
no usko gujarat bjp ke naliya rape scandal ke liye campaign karna chahiye,0
abe bharath baap hai thera pakistan ka terrorism ka bheed hai thumara saara desh,1
tu toh ghar se bahar nahi nikalta,0
kash itne political action or public support sare rape caeses ko milte yakeen maniye aj har beti safe hoti 3 inch ki kamar ko dhakne k liye itne issue or jab kisi ldki ki puri izzat khrb ho jati uske liye koi kuch nahi bolta,1
ager tum log pakistan me hote ya bhuk mari se mar hate h aatankwaadi tumhe mar dete apne khuda ka sukr karo india me ho,0
kahe kare hamara hate bahut mehnga hai,0
hai isliye use koi farq nahi padta jab use koi chodega tab hi toh use pataa chalega sid ka mahira kat ka pain dirty both of you alia rk hate shit people inko koi film bhi nahi de toh sahi rahega ghar pe hi rahi mark dino pause ki kami bhi nahi hai ji love ghar badhke,0
ye subha subha baba kedarnath ji ka puja karta hai or ashirwad main bhagwan se mangta hai ki hatya sex rape kaise kiya jaye jai ho baba,1
beta burma mein kismat se bach gya nhi toh isse bhi bura ho jata rape ho jata is jhath ke baal ka pic twitter com zt6xtszai8,0
raw kabhi v pak mein terrorism spread nahi karta hai pak hi jimedar hai yeh sab keliye tumhare bachr marte hai phir v tum sudharte nahi ho,1
teri behen ki gaand mein rocket daal ke isro join karwa dunga,1
match jeeta hai khatam nahi hua abhi se,0
toh phir apna naam hitler se hata k bullet girl rakh lo,0
mere marnay ki ya hate deni ki,0
vipaksh ko jab koi kaam nahi tha toh woh in ladkiyon ka huq cheen liya b4 up was rape molestation capital crime ki duniya ka badshah tha,0
kara hai kari hai ye kia bkwaas hai kyu urdu ka rape kara hua hai tum ny,0
agr ye dunya aaj b sheikh sa adi aur molana roomi ko follow krey aman hojaye aur terrorism khtam hojaye plz plz,0
bhai tu toh bilkul time pe nahi aata,0
abe ganje tu batting karta rah ka because of hate 11th march,0
manda uns hate ai,0
tune nhi suna kya kuch hi din phle 52 ldkiya pkdi gyi h madarse ka maulvi rape krta tha unke sath ha ab tjhe dikhta nhi khud k ghar ki gandagi to baat alag h waisw bhi tumhare m rape koi badi baat nhi h halala bhi rape hi hota h mutah bhi rape hi h,1
teri sakal baba raam dev se milti hai kahi usne to teri amma ka rape nhi kiya hai,0
hahaha wo to tujhe v pata hai ki kiska rape hoga,0
tu toh bilkul filmy ho gaya hai,0
hahaa bhai ap jakey apney maaata gaein ka peshab peeyo bathroom nhe apni maaa behn ka rape krne band kro army ko roti nhe detay,0
tere baap ko hijra bana ke shaadi mubarak reality show mein daal dunga,1
mishaal khan k killers ko phansi di jaye with in one month,1
teri maa ke saath suhaagraat mana ke usko maa bana dunga,1
kamai aamir ne bhi diya ehsaan h unka tabhi ab hate nhi karti main dono ki movie dekhti hu,0
wajah tum ho hate story 3,0
sarkaar ko puchkar to ye maamle nahin hote ye to aadikaalon se hote rahe hain ye hai ki kabhi kam kabhi zyada hue hain jaise jaise social activities aur jansankhya badhti jaa rahi hai us tarah ki ghatnayein badhti jaa rahi hain rk saini on rape in twitter com zrgvjpu1cc,1
usa main chritian rape krta aap sab doodh k dhule aur bedaag hain,1
lolzzz is pagal rundistani k twitter pe kisne account banadiya chosde ka apni gav mata ko bacha aur apni beti ko gang rape se chal phut,0
fir whistle bajane se pehle i hate u i hate u q bola or jo hamesha tumhare sath raha use support q nahi kiya akhade me,1
arey tu toh linkedin pe einstein lagta hai,0
tumhari tou india main har female ka rape hua wa hai tum hara tou har bacha he haram ka hai tou tumhe bachoon ka kiya dukh hoga,1
tera nature best,0
haryana mein rape cases ho rahe hai uske against tune aaj tk kuch nahi kiya hoga aur yahan tu apni marwa raha hai,0
par mai real ke chakker me kisi ka rape ya khoon nahi kar sakta,0
waah kya scene hai,0
a1 laash ho gayi bramad let me tell u meri jaan murder weapon hain saare aapki ungaliyon k nishaan,0
arey tu toh number one hai,0
kyo ab hatya rape ni ho rha h,0
tu toh bilkul time waste kar raha hai,0
i hate him lagta hai kisi ledki ne uska aise dil toda hai ke poora badla apni films ke heroins se le raha hai,1
hum khud terrorism ka shikar the,0
nopes nahin hai fans hate it and haters hate it pata chal jaaega ki public ko kaise lag rahi hai,1
ak taraf nafrat ha jo kuch hi palo ma mehsoos kr li jati ha dusri taraf mohabbat ha jiska yakeen dilany ma zindagian guzar jati hn,0
hijra,1
tu toh life ka full mazaa le raha hai,0
mahajiron se kisi ko bhe nafrat nahe hai mostly log mohajiron ki tragedy ko samjhte hain aur but altaf husain ne qatal o gharatkar ke mohajir cause ko badnaam kar dia hai,0
tu toh bolta hai life kharab hai,0
tum na izzat jeet payi na dil or na trophy jitni bhi izzat bachi thi woh bhi kho baithi hate u,1
chutiya it s so obvious ki agar manveer nominate hota toh ghar ke bahar hota hate manu and manveer is winner for me,1
abhi 20 hi gye hai aane waale election mai dekhna naamo nishan nhi rahega aapne sabka viswas toda hai hate you,1
t3ri g k dh,1
sir i suggest my views about rape cases ladies ko chahiye ki woh apne pair se unki jananendriya ko damage kare voh bhagega,0
kahi aapko koi hindu terrorism failane wala na khde pic twitter com 34gf6xkdhk,0
sahi hi toh boli hain rape ke bina koi aaj netri abhinetri thodahin banati hain koi eis mamale me pahale ki sarkare toh nikkami thi hi aaj ki sarkaren bhi nitthli hi hain kya hoga eis desh ka kaun rokega eis jaghnya aparadh ko,0
but i hate you arshi madam priyank ne aapke baare me kitna kuch bola but use apna frnd bana liya aur baaki ne utna to kuch nahi kiya to use latka diya,1
kabhi nafrat to kabhi dilo ka mail hai,0
bas karo aab bude hai zyada rape bardashat nahin hoga,0
to kya hindu ko ye hi sikhate hai ki maa ki ijjat karo or dusri girls ke saath rape karo,1
teri gaand mein danda,1
mam kind your information karachi ki rooshniyan kon laya karachi operation by rangers kis na karvaya altaf hussain par pabandi kis na lagaye interior minister na 2013 mai kitna terrorism tha yaad hai kitna qatal hota thay 2018 mai mai dekh lo karachi ki roshniyaaan,1
shaqal say he tu kisi rape ki paidawar lagta hai bata kitnay bap hain teray,1
madrch0d neta,1
at least ashram chap to nhi jaha sikhsa ke naam par rape hote hai jaise asa raam babu pakhandi baba milenge,0
rahi baat terrorism ki to kisi k dil ko dikhanay walay zuban se kahay huay alfaaz bhi terrorism hi hotay hain,0
shi kha ye sale kutte ki olad netaon ki beti nhin inke to bete ka rape hona chahiye,1
tum kaisa kah sakto ho hum terrorism phala rahen sala hum na teri biwi ke shalwar ma bomb chora tha kiya ba,0
haha sahi ho k twitter vari hate dekhda achammai vaisake,1
i also hate shikas,0
hauz khas mein bhi agar rape ho jaye toh log kahan safe hain,0
sir je ab pakistan ka paani tou khol dayen aisi bhi kia terrorism kisi ka paani bandh karna achi baat nahin hoti,0
ye to sahe kaha par matter solve karo ki tumhare bestie kyun hate karte he,0
ghotale aur rape ki umar sarkar dwara sunishchit ki jaye tabtak k liye inko woh kam krne k liye 10lac ka inam diya jaye,1
i hate vikaas sab badaa doglaa insan hai woh ghar ka,1
jab amitsaha badi saan se kahete he up me ek ghanta me 24 maa beti ki rape hoti he to matlab kiya up ke maa betio ko izzat nilam karna jaisi,1
jis tarha quaid e azam par 1 larrki nay jhota rape ka case banaya tha train main aj ausi darmay ko colourful adakaron pe shoot keya gaya,0
india wale sab arshi ko hate karte h,0
itne saal baharse terrorism ko paisa aa raha hai koi kuch nahi bola us baare mein kyu woh kiske papa hai socho sirf tweet nahi karna,0
bhai tu forever king,0
tu toh mushkil mein bhi muskurata hai,0
tu toh subah uthne ka naam nahi leta,0
not boy his old uncle now bachi ko date karne we buddha jawaan toh nahi hoga jab bachi ko budha budha lagega tab naya bakra pakad levi i mean alia se hai jo uncle sarabi ko old ko date kar rahi hai i hate ranbir isne kat aur ab singal mother mahira ko bhi emotionally use karke,1
absolutely true sahreen nafrat failaney waale mutthi bhar logon ne sab ka dimaag kharaab kar rakha hai,0
tere maa hai ghar pe puch rape and molest kya hota hai tu to desh ki rape kar raha hai you wl pay the cost,1
sahi bat hai didi ji ye harami shale asukat bhul hate hai aapni,1
i hate it jab koi mere doston se fuzool mein frank hone ki koshish kare,1
icc ranking aaj no 6 hui hai pak kiek match jeet liya lagta kya jeet liya terrorism kashmir srinagar toilet etc sab kuch add kar dala lolo,0
i hate prince the most kahi dikh gaya to jootee maar maar ke uska sada hua muh kharab krdunga jis muh se harr ladki ko kiss deta firta h,1
we hate u for ever thu,1
medical me rape ki pushti na hone pr bhi paid media ne kiya santo ko badnam,1
beta rape ki baat mat kar jub sheela rani delhi ko loot rahi thi tub wahan bohot rape hue the humari party fas sakti hai,0
tu toh bolta hai ek din ameer banunga phir sota rehta hai,0
she hate punish and bandagi iss liye aur madam bolati h unbiased hu,0
phir kyon jhel rahe hain unko he was hindu hriday samrat till he gave hate speech,0
i hate it yaar,1
kasur tumhara nahi tumhere allah ka hai jo 9 saal ke bachi ke saath rape kiya,1
kala premi ji apke ankho ke samne rape bhi ho rha ho to aap standup comedy kr ke hi rapist ko sabak sikhayenge,0
tu mera bhai hai,0
i hate padhai,1
machudi,1
ki aapane apani beti ki umar ki ladaki see shadi ki rape charges see bachane ke liye,0
kya chahiye unse hate k liye,0
randwa,1
ya wahi rupa hai jo film me kaam karti thi na jane kitne seen howe rape kuch kolkata me seen howe yade taza ho gai,0
dhara gya hoga tabhi rape ka dard mehsoos kar rha jai,0
bhai tu toh full comedy ka thela hai,0
aur sun sirf woh cheej btta jisme pakistan se aage koi naa ho bheek maangne aur terrorism failane kai alawa,0
uss mother fucker ne mujhe msgs kiye tumhare nam se that i hate shilpa usne mall me mujhe gaali di are bhadkhau kutrya tujhya sarkha chu samajlas ka mala tere jesa chu aur kahi nahi dekha aur kruti ke nam ki bhad khana band kr tere nam jesa hi fake h tu,1
hamare yahan yeh crime hai tumhari tarah mard ka hak nahi hai isliye hum ise rape kehtey hain aur report kartey hain,0
aur rape krwate raho,0
dai thambi un moonjiya partha 15 kilaviya rape pannitu i am waiting sollura mathri thriyuthu da,0
ch t k puj,1
vishal bhai ab to hate story 4 ka poster dikhao,0
vade to aur bhi th lekin log apni convenience k hisab se bhul hate h kya kare,0
kashyap madam ji kisi ko goli marane se pahle pucha jata hai ki goli lagi kya rape hone se pahle kya pucha jata hai ki rape hua kya,0
sanjay bhansali ke thappad lagne par hindu terrorism bolne wale ab kaha h,0
ek hota he hate or ek hota he love love ki nazar to he shilpa ji,0
indians mauka mauka rape and aur ghatiya ads bnayein baap baap krte rahain theek hai hum kuch bol dein toh yahan sab ko aag lg jati hain,1
r n,1
election me koi mudda nhi na hi kuch 3saal me kiya uper se isi rape to public ka dhyan kahi too hatana ha,0
chodu bhag ja yaha se,1
you re awesome,0
rishi beta kalboushan aaap ka hi abu hai na jo terrorism kar raha tha pakistan main,0
hina ki team aisi hi hai kewal nafrat hi rakhti hai manu bhai,0
murdrer bhai kiska khoon kiya modi ne jra btao,0
khan muje regret hota he ki mene season 7 me aapke liye votes kiye the aur aapka fan tha but ab to aapne saari ijjat gava di ki ek hina k piche padi rehti ho aapke paas koi kaam nahi he kya pura dina hina k against tweet k bareme hi sochta ho i hate u gauhar,1
ha sahi hai bhai yaha ram rahim jaise baba ki jagah sahi hai yaha sambhu jaise logo ke liye hi jagah hai jo apne bahan ke sath rape karta tha jiska virodh ek muslim ne kiya to usko love jihaad ka naam lekar berahmi se mara gaya wah mera digital india,1
bhai ke rape case pe kaun marham laga raha hai sir kabhi uski bhi charcha kar liya kariye,0
bhai tu sach mein best hai,0
tu toh tension nahi leta kisi cheez ka,0
arey tu toh full masti khor hai,0
terrorism kaun faila raha hai ye sabko pata hai,0
jab aik larki ko rape kerne k baad us ko dhande wali banaya ja sakta hai to building main chemical bhi ho sakta hai,0
bhai tu toh thoda ego side rakh,0
rahjan hu to rahban ka pta kiun nahi date gr raste ka patthar hu to hate kiun nahi date,0
os maa se contect kro jis ki beti ka rape jis ka beta qatel jis ki jawan beti aghwa or jin k ha khany ka rashen nhi he jo baap be rozgari ki waja se bachy bechny road pe khara hota he os maa se pocho jo logo k gher ja ja k kaam krti he naam sharif rakhny se koch nhi hota he,1
o jhandu balm aaj mera ek fauzi bhai shaheed hua j k me islamic terrorism ki goli se tu chutiya aaj tweet nhi krega jhantu,0
gandu log,1
toilets tm log banwa ni sakte,1
is hisab se to wo dalit nhi h na jiska rape kiya,0
rape to pakistan ka hone wala hai ground pe bhai tu apni jaan sambhal k kal raat ko ghar se na nikle pata nahi koi aapke sir pe tv tod de,0
agar aap thodi si bhi padhi likhi ho toh google karo rape statistics wiki me jao aur dekho rape ration kiska kitna jyada hain fir baat karna,0
karachi ko terrorism ka shikaar honey pe bura bhalla bolnay waaley aaj chup se sog mana rahey hain,0
ke time gulmam ko hate mail kiya tha na aap karo tho sahi hum karke tho galat,0
han tu v hoja fir mai uske saath tera bhi murder karne aungi,0
esne case kiya hua hai rape ka salariya par chargesheet court mein submit ho chuki hai,0
1400 saal phle koi peg wala amber ek 9 saal ki ladki ka rape kia ab kisi ka khoon khol rha hain kya,1
teri maa ki chut mein diwali ka anar jala dunga,1
ye sali honeypreet drama kar rahi hai ye vi kitne ladkon ko rape kiya hoga,1
bike huye bhakto ka kaam yahi hota he,0
maa ka sapna toot gaya,1
namaste sir sir aap se milne ka process kya hai kab hum mil sakte hai aap se ek dost ka meerut mai murder ho gaya hai,0
chut marwa raha hai,1
bhai haar gaye toh haar gaye ky h usme ab jadeja ne haraya ya amir ne rape kiya ek hi baat h,0
sir jitni protest srk ki movies ke time karte ho kabhi nirbhaya rape cases me karliya karo desh ka bhala hoga,0
terrorism pakistan me hai or fikar puri duniya ko hai pata nahin inhe hamari fikar hai ya humse darte hai,0
show rigged hai aur shilpa ne kya kiya yaar jo usko kaha joota nikal ke maruga to joota bhi ganda ho jayega ma bana ka shauk hai to bahar nikalo shakti kapoor wait kar raha hai i hate u i m deeply hurt ki raat,1
ek hi rastaa hai reppist ke saat jo saudi arabia me hota hai yaha per b karo yakeen mano phir koi rape nahi hogaa,0
sirf hindu santo par hi nishana kyo medical report me rape nahi fhir bhi rpiest kiske kahne se kaha,0
tera smile mast hai,0
pehle jao babao ke ashram me apni behnoooo ko bachao rape se andhbhakt kahi ke fir modi ka andwa chaat na,0
bhai tu toh full traveller ban gaya background bedroom ka,0
bhai tu toh single hi mar jayega itna attitude mat dikha,0
kyo karte to ye ajan ka natak tak karna hai tumhe terror ka hi,1
chut ka diwana,1
wo army thi par hum bhi toh haraami the twitter com lupyubplhr,0
bh3n k3 lund,1
diya gaya aur bhi suniye ki murder case mein bhi f i r me naam darg uske sale sasur saas ka naam barabanki ki police ne 5 5 lakh,0
jeeto or hazaaron baar jeeto lekin plz kulbhushan jeson ko apne pass ho rakho ta k pakistan me terrorism nah ho,0
wohh gharse dawa nhi maa ki dua leke nikalte hai i hate ajaz bhai s haters,1
hate karte hain phir usse shaadi kar lete aur phir pyaar waah waah rangoon this friday,0
aur jiski maa ab is duniya me nhi rahi unke kis rishtedaar ka rape karenge bhai saab,0
bhai ye log honour killing mein vishwas rakhne walo me se hain khud dusri ki beheno ko din raat chedege kisine inki behen pe tippani bhi kardi toh murder vegere ki dhamki dete hain,1
bhai tu inspiration,0
r k k,1
jo bina zyaada load liye movie dekhne jaae wo moviegoer,0
tu toh bolta hai mood nahi hai,0
aag tav kuo nhi lagta jab 10 years ki ladki ko rape hota hai,0
u p mein rape aur murder kab tak taal thok ke,0
aur hate tum hum sey kartey ho,0
delhi ka nirbhaya case apko yaad hoga up ka 2 dalit ladki ko rape karke jala kar marne ka case bhi yad hoga ye sab yadav congress raaj me hi huya,0
shilpa ko jese show se nikal ke faka hai wese he bb se bhi nikal ke fake do kuch deserve nahe karte wo i hate shilpa shinde,1
mujhe v mann karta hai murder kar du,0
wo sala chutiya rapist gurmeet dharm ki aad me ladkiyo ka rape karta tha sala ek no ka fatu tu,1
tum laave ho maulana tumhara rape kissi aur se nai hota dekh sakta main khud kerna parta hai,0
har chehare se naakab hate taalak ka ho system band,0
delhi gang rape k kamino ko abhi tk jinda rkha h aur ek ko to sudhar kendra bhej diya aur aanand pal ko farji encounter kra,0
ye isliye kyoki mai ye dekh raha hu kuch bhi ho bus sarkar per thop do kahi train hadaza kahi pul hadsa kahi rape bus yahi kah do sarkar,0
rashan card banane k liye govt office ki kya jarurat hai be apne ghar me bana liya karo,1
rape kahan zyada hue hain dekh lo pic twitter com oafywtmyii,0
mujhe pata hai you hate me,0
rape pyaar rape se kum nhi hai,0
sir hamare desh me rape jaisi jaghan apradh ko rokne k liy sarkaar kya kar rahi hai aap hamare pm ho iske liy hamein grw hai,0
ji jangal ka kanoon to ap ne samaj liya hy molvi hate us k khliaf uchalty phirty ho 1 2,0
bhai tu toh full deo king hai 3 deo lagata hai,0
lol kashmir me to ap log holi kheel rahy han na wo bhi check kr lain k terrorism kon kr raha hai,0
tu toh office mein chai peeke revolution laane chala hai,0
turn up turn up turn up khuphuka deeeeeeejay shona phansi mawuthandawaaaaaaaaaaashaaaaa,0
tu toh bolta hai sab thik hai,0
agar hindustan me rape ki saza jo islam me he saza e maurice to muluk me rape nahi ho sakta he,1
apko pata b hai k terrorism kon kar raha hai aur terrorism hoti kya hai nahi nahi ap kuch b nahi janty,0
bhootnika,1
aisha ka rape 9 saal kee umar may hua tha ya nahee ek 50 saal kay deemagee beemar aadme say,0
mujhe reality show mein nahi dekhna hina ko itni mehnat karti hai aur finale mein aakar kisi aur ko jita dete hain really hate reality shows now hina ka dil toot jata hai pehle kkk8 mein sirf 4 sec se haari and abhi big boss mein few votes se,0
bhadwe ki aulaad,1
love you 3000,0
kyunki bhansali news chanel pe nafrat nahi faila raha tha aur fateh ka maqsad sirf nafrat failana hai,0
nd one more thing agar koi hindu apne haqq ki ya apne against kuchh ho tabhi pseudo intellectual ko rape inntolarance murder kyun yaad aata hai and inko rape hui ladki ke sath itna lagav hai toh sirf nirbhayakand ke time kyun road par the 1 2,1
kaha gai wo media jo rape jasi ghatnaa ko saalo chalate hai ek fauji ki fariyaad koi kyu nhi sunta hai or keval officer se desh nhi chalega,1
mawlana farid uddin al mobarak jubokrai islamer jhanda hate egiye ashbe bengali via,0
tere baap ko hijra bana ke dance india dance mein bhej denge,1
tere baap ke sar pe lund rakh ke oath lunga,1
janta kya achar dalegi 56 inch ke seene ka,0
haan baat hai reenu g kuch to baat hai tabhi rape kiya na but vo baat negetive wali hai positive wali nahi aur followers to andhe hai,0
r k3 p ll3,1
ab bata kis ka rape ho raha hai,0
bhai tu toh shaadi ke baad change ho gaya,0
aur islamic terrorism worldwide phenomena hai tu ats ke peeche laga hai jaise ats hee sab kuch hai,0
aur tujh jaison ke jarurat d p hume bhe nahi asli terrorist to tum jaise log ho jo dilon mai nafrat rakhtey ho,0
ye khoon se likhi hui prediction hai koi nhi rok sakta,0
in hindi there is song 4 pak establishment tayyab ali pyaar ka dushman hai hai hai pak love to hate,0
bhai chatne ka sukh hai bahut chato lekin rape victims ko gali na do bjp sirf rape victims ko gali deti hai or rapeist ko bachati hai,1
tumhari hate speech ki aisi ki tesi,1
dekho to terrorism ki bat kon kr rha hai jo khud hmare mulk me terrorist bhejta hai,0
asl dangon ki wajah bike hue journalist hi hotels hai jo thode paison ke liye nafrat ki aag ko badane kaa kaam karte hain,0
tujhe pta ki katta kya hota avi gujjar ke rape se phele,0
gareeb logon ko notebandi se koi farq nahi pada up the level of higher middle class,0
ohhh i see hikas or vina mujhe acha laga i hate shikas shi t,1
in san logo ko sir e aam phansi deni chaiye,1
agr aap sab shilpa ko hate krte ho and uske against tweet krte toh means aap sirf shilpa hater ho,0
bas kar nautanki dimag kharab kar diya,1
bhagwan ram was an asshole prophet was rapist shehla rashid s ruthless hate speech via ki awaaj,1
usne toh sirf party badli tere khandaan ne toh wahi dharm apnaya jis dharm ke sainiko tere khandaan ka murder aur rape kiya,0
shilpa ji aap jaise tuchho ko jawab mat dijiye ye log aap ke sath kabhi nahi the aap ki popularity dekh kar khali footage karne aa jate hai aap ke reply ka jawab bhi nahi diya itne to arrogant hai hate these co call cheap tv chamchas n all gupta s chamchas,1
kutte ki tarah bhag,1
bhai tu toh alarm snooze karta rehta hai,0
tere baap ko kutta bana ke uski potty teri maa se saaf karwaunga,1
haha tu toh full honest hai,0
haha tu toh full critic ban gaya,0
aap september 2017 meh chal yeah report ing aajtak aur zee news ki udhar mass murderer kiya gaye hindu ka aur woman s ka rape aur conversation kiya gaye bindi nikal diye gaye aise community ko india meh rahena koe hak nahi hai,1
bhai tu toh bilkul free hai phir bhi tension leta hai,0
tabhi tou kal daikhay gay baap kaun hai aur haan kal match haarnay k baad india mai rape cases zada ho jaye gay,0
iit ke naam par kalank wahan rape kiya tha aur arrest bhi hua tha,1
elections 2017 betiyoon ka rape kar unhe pedh se latka diya tha shayad ye sabhi ko hoga yaad up bachaoo desh bachaoo,1
pti main lote hate hai khurram bhai,0
desh me rape pe rape ho rhe hai,0
najayaz,1
bhadwe hain salle ye bhadwagiri khoon me hai inke khate india ka hain or aada porkistan ka krte hain,1
calendar se ganghi hate to problem but sleepper per gandhi se koi prob nahi,1
ab tu bata ke na mard pakistanio ko janwar aur aur chote bacche itne kuu pasand hai pakistan mein hi nahi balki uk and saudi mein bhi animal rape kiya hahaha,0
aap rape karne walo ka prachar karo to theek lekin amitabh ji gadho ka prachar na karein wah kya logic hai,0
history ka wahi panna padh k aaya hai ye jispe nafrat likhi hai last night mujhse bahes hui thi tareek fateh,0
aur kal ke din hi sindh main dozens of bachiyon ka rape huwa hai karachi main tho awam ne ehtijaj bhi kiya hai sachal main victim bachi ke parents wazir e dakhila sindh ke office pohanch gaye thay khurshid double shah ko apna area dekhna chahiay kp ke logo ko koi takleef nahi,1
par ke records ko kaise badloge,0
hahahaha tm apni ammi or behan ko dekho aj phr save ghr agai ha ya rape ho gya ha unka,0
h p,1
i so hate both of dem ja shanaya jaajee le apne zindagi ab ja orbit,1
chaarpai,1
jo muje follow karne k baad chupke se unfollow kar deta h me usko hamesh k liye block kar deta hu muje gadaar selfish and makkar se bahut hate h bhai,1
farak bas itna hai hum sidhe sidhe rape bolte hai aur tum nikah ab pakistan me legal rape hota hai bha se shadi kar ke usme hum kya kare,0
tere baap ko napunsak bana ke viagra ad mein daal dunga,1
jab asli me kisi ka rape hota hai tab kyu nai dikhte,0
superb koshish main lagi hui hai marya shakil ki salim jee kuch toh modi jee ke khilaf bolain this is what i hate we are one if we want to be treated like one phir yeh sab dimaag main leker aane ki koi zaroorat nahin hai,1
but i hate your fatichar krishna tohmain sikhunga nahin usko dekhna woh ek hi ched ki badiya ho rahi,1
ek khooni liberal ki ek buhat baray leader say moaddabana guzarish aap liberals pe toh baras paray magar aap ke khoon kay piasay khadim rizvi aur afzal qadri say aap nay kufr kay fatway kay dar say is saal kay shoro main maafi maangli thi,0
abe unke hate se problem hai mujhe,0
hote hai pakistan mein kabhi saala pura gaon rape karta hai ek ladki ka kabhi koi tum salo janwaro ko bhi nahi bakashte hahahah sale katue tharki,1
i hate too yaar this show is so biased na sare ache logo ko bahar kar chutiyo ko rakh liya shit,1
aur madarse me maulvi rape karte hain to owaisi aur tere jaise log un maulviyon ke support me aate hain hai na,1
aapki mane to pareshani bharat ke tukde kehne per bhi nahi hona chahiyesoch hai apni apni i hate jnu supporter,1
rapist party k bhakt ho chumma aur rape k siva dikhega bhu nahi tumhe kuch,1
tu toh bolta hai main brand conscious hu phir first copy pehenta hai,0
ek patharbaj va petrol bam feknewale ko manavadhikar 10 lac ka muwavja inaam de sakti hai to rape pidit ko kyo nahi it means safed jhooth,1
ajj mujhe puneesh aur bandgi ko dekha kar itna zadya gussa aa rha tha ki kaise log hai yeh mujhe iss season k sabse worst constants mil gye,0
jnu me yahi log mahilaao ka rape karte hain,1
bhikh me mila hu desh baris se bachne ki aukat nai baat karte ho rape karne ki benched zinda jala do pakistan ko,1
ch t k bh,1
is desh ka jisne bhi bala karne ki sochi usi ke piche pad hate hai,0
s jh,1
chutiye ka rona,1
ye daleep thakur jaise vo congressi hain ye vo politician hain ye vo secular type insaan hai jo rape k upar bhi raajneeti karte hain ye aisi baaten karke rape ki aad may film release karvaana chahte hain inhe saram nahi aati bilkul,1
itni shiddat se to koi kisi se pyar bhi nahi karta fir itni nafrat late kaha se ho bhai,0
khatmalo ko maar maar kar khoon jaama karne se blood bank nahin ban jaata sir aaj kal party me aesa hi kuch ho raha hai,0
kash ek picture muhhamad pr bhi bn jaye usne apne samne jewish mahilao ka rape kraya tha kyuki ye allah ka adesh tha quran me bhi likha h issh pr film bnni chahiye,0
bihar ki real sthiti dekhe rajya ke pal aise the jo bihar me lit pat dahej dalit rape crime daily ho rahe ab desh me karne,0
l nd lele thokke,1
bhai koi iska rape kar doo g main bahut khujli ho rahi hai,0
bharat maata ka rape ho gaya aaj,0
koi paise ke liye ita gir sakta hai ke rape case karde chiiiiiiiii,1
sharm nahi aati soch ker ki ek din tumhare bacchon ka bhi syrians jaisa haal hoga wo bhi tumhari ignorance ki wajah se,1
tiris ka hate pic twitter com jtweqbprgw,0
bhai ek selfie le le,0
jhantu ka saga,1
woh bhi bhaag k arhay jinhein janti bhi nhi lol,0
ye bakwas h jatin hate karte ho thik h par ye faltu ka to mat bolo agar koi shah ko aise bole to,0
main neutral hi hu radicalised ni hu jinko bas khoon ki pyas hai,0
aur hoga bhi kyo naa ek rapism aur dusra terrorism dono ki jori waha waha pooooo jaisi dosto,1
g m3in b,1
i hate cunny i support konidala family jai chiru jai pawan jai charan jai varun jai akira,1
tune kya kiya rape victims ke liye,0
rupa ganguly ko batao k rape yaha applicable hota ha iske baare me kya kahengi jab ladkiyo ko agwaa karke ye dhanda chalate h chupgayi kya,0
jhaant ka jhanda lehra,1
bhai tu toh bilkul motivation zero hai,0
arey tu toh bakchodi ka national award jeet chuka hai,0
ami jani amake onek manush onek hate kore ami kintoo tader ke oneek oneek bhalobashi allah malik knows my,0
yahan gang rape of zalmi ki baat horahi,0
bhai tu toh kisi ki tareef nahi karta,0
abe deshbhakto bante ho to jao roko unhe jo train mahilao ko chedte h roko unhe jo gang rape kerte h,0
mana be kiya tha bahir na nikalna wrna rape hojaye ga lundistan mai har koi tau rapist hai,1
jin par bharat karodon kharch karta hai ve pak se har kar ate hain jin par hajaron kharch hate hain vo pak ko mar ke ate hain,1
chaplosi ki bhi had honi chahiye zameer tak bikay huay hain bikao log just hate her,1
ha rem emoji i hate this emoji mujhe nagini ki hi yaad aati hai,0
bilneka ek tarika hota hai kruti aur hamesha ye hina fans ke hate n abusive replies ko rt karta hai what about that,0
aaj hina ki baari aayi to apne time pe rone lgi public se appl karne lgi,0
bhen ke takke,1
islamic terrorism ek worldwide phenomena hai aur labbhag har desh ke muslims isame shamil hain,0
aki hii ni hate speech twitter com lagw3wncdw,1
sala suar ka baccha,1
taiji o bai hum chandan k jaise ghis jaaye par yahan kisi ko koi farak nai padta ne vaah lekin kya karein bade h na hume toh apna farz nibhana padta hai thnkyou abha mam fr making us hate taiji,1
loray sab report hota hai yaha yeh india nahi hai k rape karo aur maar k gaar do yaha bc hum bachi char takk nahi sakte warna police hamara rape kar dete hain loray,1
bani ke khiladi sapko bhadkati he lopa aur manu dono chugal khor aunty he i hate both khud ladai karvate he naam bani ka,1
t3ri b3hn r h,1
aaj he dna me dikhaa raha tha ke aap ne dilli ke gaand maar rakhi hai daily rape ho rahe hai,0
aur suna phuddu ho gea na rape tere india ka baatain chodnay wali machine baap pakistan hi hai tm logun ka,0
nafrat ka meaning to tab samajhme aata hy jab piyar karnewale nafrat karne lage,0
tu toh bilkul cheap date wala hai,0
na to tanzeem kaal adam hy aur nahi hi inper koi terrorism ka charge hy,0
arey tu toh full philosopher ban gaya,0
ched,1
tu toh bolta hai main gym jaata hu protein shake boost hai,0
baat usse hoti jo shabdo ki bhasha samjhe abhi to kahte the kashmir ki azadi ke liye jab poll khul gayi ki ye to terrorism hai mm bhi,0
tere baap ke balls kaat ke stress ball bana dunga,1
nahi bhosdi waloon garmi tumhare andar bhari hai abhi issi saal report main 55 000 bandi rape hue hai india main warna asal main tou 155 000 rape huehoon ge,0
haleem beef hota hai sharma ji modi ke sau khoon maaf hai bhaiyya chamche paalna modi ji se sekhe koi,0
bh3n k l0ver,1
tera bhai jo rape k dhara mai jail mai hai madarcho d pehle uska jawaab de re madarcho d yeri behan ka koi rape krra th kya hota,1
m ch0dn3 k pl,1
s r st,1
tumse jyade gira admi aaj tak nahi dekha maine i hate you more then any,1
arey thoda exercise kar le,0
nahi woh abhi rape karwa raha hai aankh band kar k,0
daily rape ho rhe uske virodh mat karo,1
arey tu toh lemon mirchi latka ke nazar utarta hai,0
100 agreed kaash rohan winner hota bani manu manvr winner layak nhi hai i hate kani tattoo ko pasand karte hai,1
itna bada comment rape ke against hi likh dete chutiye,0
ma khata ho article 63 ka tahat is bat pa muzamil abbas tara ko 51 bar phansi ke saza honi chaye gali gali ma shooor ha aia sara chorrrr ha,0
your country is famous for rape right aesa rape dekha hai aaj ke baad baap ko baap maniyegaa,0
yahi to he naya bharat rape badhege tabhi to badhega india jay ho mera bharat mahan,1
tu toh gaadi chalate hi dj ban jaata hai,0
badsha bhag gai bat kar k had he koi zaban deke aise mukar jae afsoos he shaikh sb i hate u,1
sale harami log,1
12saal se kam wali ka rape kroge toh fansi good,0
ye bhooosreee ka plate form per rape k nateejay mai paedaaa honay walaa haraaam zaadaa hai kon,0
aisi aurtain hoti hain jo jaan boojh k rape waalay ilaqe main jaati hain pakistan milgaya toh rape kaise hoga aapka,0
gujarat ki janta gadho se behaal koi rape karta hai koi dalito aur muslimo ko maarta hai koi in gadho ka prachar kar raha hai tv par,1
par fir bhi har din rape hota hai har din bharat ke kisi na kisi kone me koi khilji hai jo kisi padmini pe aankh lagae hue hai uss ke lie koi protest kyu nahi karta tab koi khilji ko saja sunane ki maang kyu nahi karta,0
teri behen ko sadak pe nanga karke cycle rickshaw walon se chudwayenge,1
maine suna tha chhoti chhoti baaton pe murder karte hai,0
alarm ki tune laga loo aik haftay may nafrat hoo jayay gi,0
chutiyapa,1
tere baap ka lund kaat ke uski jagah chut fit kar dunga,1
deewar banne se terrorism khatam hota toh israel ko army ki kya zaroorat ki deewar nahi chahiye bhai,0
i hate sony manhus channel main to dekhti hi nhi thi bus edkv ke liye dekha tha,1
yar terrorism start kaha se howa hai,0
arey tu toh motivation sunta hai phir bed pe pada rehta hai,0
omg tu to boukhla gyi hai haha phurrr maine tera murder se karwani hai aur ke thele ke niche chhupani hai,0
but i still hate him,1
lund choos le saale,1
bhai tu toh life enjoy kar raha hai,0
islie india ko hindu rastra banay by ccc,0
mujhe lagta hai kay fawad alam nay inzamam ki beti ya biwi ka rape kya hai isi liye usko pakistan team mai select nahi karta,0
ye to vahi bat hui ke ek dharm ka terrorism gaya dooja aa gaya bharat wapis 7th century mein nahi ja sakta,0
8 lakh jo indian kutay kashmir main logoon ko kaat rahey hain wo wapis bulwa terrorism khud khatam ho jaey gi,0
bhai tu toh bilkul perfect dost hai,0
apna dhanda chalate sasti or farzi deshbhakti dikaho logo ko ladwao hate failao khoob maal kamao,1
teri maa ki gaand mein dynamite daal ke blast kar dunga,1
g str,1
twitter mai dhoni dhoni chillata nahi iska meaning yeh nahi ki i hate him nikal aab,0
aaplog bhi thapthapao keuki up rape murder chori dakaiti jatwad me tarakki ki hai media ne apna roll bakhubi nibhai hai,0
meetha,1
chatukarta ke baare me to maine suna hai bjp ne ab tak ke saare record tor diye lab ke ab to pehchaan hi yahi hai doosri buri zubaan gaaliyan aur sachchayee imaandaari aur aqal se nafrat,0
es eid me chara khane wale ek or janwar ka ka kima banega i like it but i hate non veg,0
pti walayuchal rahay hain aik tweet pr r dusri taraf noon walay apni party membr ka rape kar k mar dethay hain aur koee poochtha nahi,0
lopa we hate rohan bani kaal bhi alone warrior thi or aj bhi dekh raha ho ga tv pei i am sure,1
gandhi se yaad aaya vo gandhi jo ldkiyo k sath sota tha ya vo jo hindu aurato ko bolta tha muslimo se chupchap rape krva lo kadve bol,1
budh,1
lopa jor jor se chekhti hai mar daloongi kaat daloongi tab toh tune kabhi animal word use nahi kiya hate u,1
yeh shehla rashid aur uske tweets ke niche hate comments karne wale dono kuchh zyada hi kar rahe hai,0
matlab jis baat par khoon khaulna chahiye ussse aap like karte hain vote kya itna jaroori hai,0
tu toh bolta hai main best hu,0
ab aap toh sikh bhayiyo k bhi piche pad gayi all hate does is breed hate hum hindu bhi kisi se kam nahi h fraud aur kabootar udane mein,0
t3ri m k bh,1
now i hate rohan rohan aur lopa finale mai na ho assa hai,1
or pakistan ki baat kaar lo majority aap logo ki hai baacho ka rape kark acid main dala jata hai means asi asi harqate ki isnhan ki ruh kaap jaye,1
freedom of speech aur hate speech ma farq jaan kr geo islam ka mazaq urana freedom of speech nhi,1
bhai tu toh diet 1 january se 2 january tak kriyo,0
ab yeh log terror ban jayenge to muslims kidar jayenge bhai yahi ek desh hai muslims much be bhonk sakte hai,0
tere baap ko hijra bana ke baraat mein nachne ko bol dunga,1
sir ji i am sure chillane se kuchh valid nahi ho jata but i am more sure ki solid argument dene se bhi kuchh nahi hai jinko jisko support karna hta hai wo karte hain yezidi women ke rape ke kitne solid argument chahiye poori duniya me bataiye kitne powrful log saath hain,0
neech insan ap log ho jo mulk k dushman ki support karty ho or imran khan ki nafrat m pak k gadaar ko support karty ho lanaat ho asi awam py,1
curnel rank kaa aadmee kubhee terrorism kurwata duniyaa maay nhi pukraa guyaa,0
modi ji ka kitne state se khoon ka rista hai ye koi kaise proof karega,0
babua wo padhega likhega ya koi aur skilldevelop karega like is machine ko chalane ka,0
enko tarek fateh ke bare me puchho kuchh yad he kya 2 din pahle wo kya freedom of speech ya intalactual terrorism tha,0
cuntmama,1
tere baap ko kutta bana ke uski shaadi teri behen se kara dunga,1
tu toh bolta hai aaj se padhunga phir netflix on,0
panel main vikas gupta ko napasand krti thi lekin ab nafrat krti hu i hate him or looser sb kuch jante hue v shilpa ko blame kr rha h vikas ka chamcha,1
is ko hamare sanvidhan aur desh ki fikr hoti to aaj ye zeenews pe beth ke nafrat ka bazaar na faila raha hota,0
maine kab hate kiya main to ye bol rahi hon ki unki wajah se saara time tag main nikal jaata hai aisa ho gaya to main to chian se apni life jee sakugi na,0
wo rohini wala baba jisne masoom hindu ladkiyo ko rape kiya tha uska kya naam tha,1
annaji aapne kejriwalji ko kyu promote kiya i now hate every person with anna in name,1
gawd is k season ne dusre celebs k bhi asli chehre dikha diye shocking,0
arey tu toh peg measure karta hai glass se,0
gaand,1
a beghairat jiski waja se hum singles ka khoon khoulta hai,0
shivay ko trust tha om rape nahi kar sakta but om ko shivay ke lye jhoot nahi bola gya,0
bhonsriwala,1
bharat jaise bimar democracy me ka koi kuch bigaḍ payega ka e agar pak me hoti to abtuk eska rape ho chuka hota,1
teri maa ya dadi bhi yhi kahti hogi jab muslims ne unka rape kiya hoga hindus ki nasal ho tum shak ho to dna test kra k dekh le,1
haan tum log tou apni indian females ka rape kar dete hoon tou kashmir main rape aur killing karna tou joke he hoga tumhare liye,1
kya up ki janta charaghotala 2gghotala kisano ka muavjaghotala rape dange gundaraj waloko ek bhi vote degi,1
acha chal betichod tujhe kisi aur site ka link de deeta hoon saza gai bhaar main yahi banda bahir aa k 10 aur bachiyoon ka rape kare ka yahi hota hai tere bharat mahan main,1
same 2 same neha mujhe bhi thand bohat lagti hai ñd i hate winter i wait 4 summer but abhi toh 5 mahine thand mein jeena hai,1
teri behen ko kamathipura bhej ke daily 50 customer fix kar dunga,1
tu toh bolta hai mera luck kharab hai mehnat zero,0
bh k p,1
tu toh propose karne se darta hai,0
bhosdi ka tattoo,1
pakistaniyon ko aisi news maamul sa ho gaya hai jaise udar roz bomb blasts hote hai,0
chal na gunda manvr manu ka chamcha i hate m2 piche piche chugliya karta hai manu ke sath ghar ganda bna rak,1
am going to watch no matter wat my love fore deepika n ranveer and my for will never end desh ki bahu betiyon me izzat ke liye lado bharat bandh tab karo jab desh me kisi ladki ka shoshan ho rape ho,0
kashmir solve kar do terrorism khud hi band hojayegi y don t u get that,0
tu toh bolta hai main simple hu phir complicated ban jaata hai,0
t3ri g j r,1
tum toh sur ko apna najayez baap manate ho jo roz tumaahri maa kaa rape karta hai taki tum paida ho sako,0
khawar pore hate torkari lege chilo ar thumi hat wash koro nai so thumi hatr shugran nicho is ur dp,0
tu toh hamesha yaad rahega bhai,0
hate deepika k liye hai,0
teree police ki mss chaodoon,0
rape jo 20guna bad gye hain up mein murders bad gye hain usko bhi roko,0
mohabbat tum se nafrat hai episode 1 har pal geo via,0
bhenchod tu mar ja,1
ye shocked h kya lat padi h ise arshi se jabardast or khana khayegi n zillat ke laddu salman ne bhijwa diye,0
ye sab chakkar rajnitee k hain dilon mai nafrat ye log he dalte hain dono country k citizens k,0
ghus ja tv ke andar kahi wo murder scene miss na ho jaye,1
pe patthar maarne ke sath sath rape karne ke order bhi aa gaye honge,0
tere baap ke gaand mein taj mahal ghusa dunga,1
haters gonna hate assi dil bich,0
l nd p l3,1
aur kyun media kisi bhi aadmi par sirf rape ka ya dahej ka aarop lagte hi usey doshi maanta hai,0
bhai tu toh full planner hai execution zero,0
inna rape kiya uska,0
aspke udher to rape ke sasth bachcha baazi bahut popular hai pic twitter com apub1tpq2x,0
hindu terror ka jhunjhuna bajaya ja ske,0
ye aur iska pati gaaliya khaane ke liye hi tweet karte hai it seems jaise hi ye kuchh bolte hain saare log gaaliya dene lagte hain but for bhi ye kabhi introspection nahi karte ki log hame itni hate kyu karte hain i tell you coz you are cong stooge and traitor,0
wah wah kya baat he par viyapam ghotale ki jaaz me 50 se jyada murder ho gaye he apne tou world record bana diya saab badhai ho apko,0
jai ko likha kisine khoon se ek love letter kya hai is teesri premika ka naam twitter com yy3e1zlkvh,0
teri behen ko kamathipura ka brand ambassador bana dunga,1
mashal khan ko too pehly insaf dila looo or us bachi ko jis ky sath 5 logo ny rape kiya sare aam,1
k ye hai asli 9 saal ki bacchi se rape karne wale k chamche dusro ko esa nahi bolte pic twitter com p4nrxo9cgm,1
hota to usko iska khoon karne k liye hire kar leti,0
stop indian terrorism in kashmir lagata hai baap baita donu ko aaj kal kaam nahi mil raha,0
aur jo kisi ko mar kar apna dharm chalaye unse jayda nafrat krne wala koi ni,1
haa bhai ye chutiye log ki hatred apni liye milan ki bela ban k aayi hai lets screw this haters,1
tu toh bilkul netflix ka addict hai,0
pataa he bahut akkians mujhse hate karte h,0
jhuth aur dhokha badh raha jeben bharni badh rahi viglante badh rahe rape ghtnayen badh rahi chamcha giri badh rahi kahte jao mahngai badh rahi,1
6 saal ki bachi ka rape kar k naalay me phenk dete hain log us pr emaan nahi jaagta but okay valentines day is,0
imaam ke imaan ka rape ho gaya satak gaya hai gandu imaam ko open challenge hai aa jaa maidaan mein par naha ke aa,0
iski biwi toh isse 2 kadam aage hai i hate her muje wo kabhi pasand nhi it s not like ab but pehle se hi they both are so fake,1
kisi ladki ka periods mein mandir jaana kisi ladke ke lode mein se khoon nikalne par mandir jaane waali baat hai,1
tu kitna gawar hai bc illiterate bhi bola aur gawar bhi badve nikal ab srk chutiya hai aur tu bhi ab bol i don t hate srk i was kidding,0
tere baap ka lund kaat ke usse usb c cable bana dunga,1
yogi tere raj me roze dar ladki ka rape hua,0
tum log terrorism ko support karna band kardo sabh theekh hojaega,0
ghusa teesri shadi k baad thanda hoga i hate insafians and love u miyaa sahib,1
kya zainab baby k rape se sare paki rapist ho gye hai gal ker di pyi hai,0
hazaarchu,1
m dr3,1
tu toh bolta hai main entrepreneur hu dukaan papa ki,0
wo tumhare jaise bhole bhale log hai jo terrorism ko support karte jo aqal k andhe hote hai wohi aisa karte hai,0
abe bhaag ke india aa ja wahan ke gay sheikh rape kar ke murder kar dete hain,1
or baba ki baat to jo ladki khud hi baba ke pass jaye uska to rape hoga hi par jo masum bachi ka ghar me rape karte hai wo up ke muslim the rahege,0
gaand phat ti hai teri,1
bhai tu toh bolta hai kal se shuru,0
hindustan ne 4 bar pak ka rape kiya koi nahi aya bich mein or ha agali bar bhi karenge suwar,1
loot lo mujhe itnii behen hai or ye nhi ki koi bhabi bhi lekr aaye i hate u all my dear behenoo,0
buble,1
teri behen ko nanga karke rajghat pe gandhi ji ke saamne nachwa dunga,1
rape ke liye koi bjp ya congress jimewaar nhi h eske liye pura samaj jimmewar hai,0
yaarume naa hate panna maten na suriya ku apram my fav thalapathy thaan naa hate panra oore aalu kohli,0
shabash veere,0
agar pure hindustan m body scanner machine laga diya jaye to atank wadi hamle or murder daketi lutpat jaisi wardat shayad hi ho payege pic twitter com k1edorhjnf,0
tu soch na sake kaun tujhe hate karega,0
hate monger hy apni hate speech ki wajeh se arrest bhi ho chuka hy,0
shiv kon hai ye toh tere rapist muhammad se puchh jiski rape ka tu nateeja hai bhadwe rapist ka result aisha kaisi chudi,1
vote for luv priyank ka hogaya safar bahut kheliya he hates hina na so we hate him,0
dohti walay terrorist nahi hotay sirf rape kertay hai,0
tu toh sabko motivate karta hai,0
ma se puchte ho ki ration card ke liye rape karoon ki nahi haram kahan tu deshdrohi kahan modi,1
rundi,1
ye h rape karvane ka sabse safal surakshit tarika,1
ye to 1 terrorism ki jagah doosra le lega,0
same here he is the reason to watch bb but i can t hate him because ladai unhi se karte hain jinki baaton ka humein asar ho and he is not opportunist aisa hota toh woh hamesa vikas ko hi follow karta apna stand nahi leta vikas kaisa dost hai dost bolta hai aur bracelet bhi toda,0
waise rape se mujhe teri maa ki hai allah hai yaad hai,0
yeah aajkal use islamic terror se jana jata hai,0
army ko roti nai milti awam k pas toilet nai or girls ka sath rape muqabla karty hain pakistan se wah g wah,1
umrah ke baad bhi terrorism se kinara na kiya to faida kya hua,0
kon hate karta hai tumhay dafa karo usay bas,1
dum,1
teri gaand phati padi hai,1
twitter hate hai bhai aapko bhi pata hai trolling sab taraf se hoti hai so no issues,0
jab gaand lagi fatne to campaign lagi karne aise tweet hi kyu karti ho ki tum troll hoti ho be indian khoon me to desh ka namak hai na,1
bhai tu toh full confused generation ka representative hai,0
frustration hatred bhai bhai,0
arey thoda himmat kar yaar,0
abe bc rape karna ek dimagi bimari hai kam se kam ise to rajniti se mat jod rape karne wala bhi ek aatankvadi se kam nahi hai dimag hai to us ko beta use bhi kar,1
bhai tu toh bilkul mast banda hai,0
and i hate girls jo larkon k abuse karne k bawajood un se bat karti hain,1
sir aap kam acha krte ho but economy ko side rakh kr dekhe toh roj news mein rape ki news hoti hai usko bhi consider kijiye,0
chooche,1
shame on modi jisne ladkiyo ke rape karne walo pe kanoon banaya na koi thos kadam uthaye kiska wait hai modi ji shame on u,0
jhantu insaan,1
yahi jo azaadi gang n jo terrorist atack ho rhe hai ye bahut hatred spread kar rhe hai india ke log littely dare huye ye ksmir ke liye hi ha,0
arey tu toh scooty pe bhi race lagata hai,0
har 3 min main india main larki ka rape hota hai phir in hi larkiyon say tum log paida hotay ho or india army join kartay ho or raw,1
tu toh monday ko gaali deta hai friday ko pyar,0
tu log ye q bhul hate ji ki tum india se nikle ho,0
agar dandy bhaiya jaisi akal om ko hoti to story aage kaise bhadti hate love story se hi story lambi hoti hai na yar,1
bhai tu toh raat bhar jaagta hai,0
rape tm log rukwa ni sakte,1
tu toh attention ka bhookha hai,0
bhai tu toh full gamer hai padhai zero,0
tere baap ko eunuch bana ke baraat ka lead dancer bana dunga,1
aap ne hate ki suruat ki har insan mein bhar chuka h,0
arey tu toh full mamma s boy category topper hai,0
chodu log,1
tou aap logon ney aaj keh rape keh baad gandu istan kuin naee rakh liyaa wouu bhi tou marwaane mein aap log maahir hain,0
desh me tum bhi hu khud bhi kuch karo 2014 ke pehle tak kitne rape huwe hai,0
teri maa randi hai,1
dekho ek bat agar tune batai to kasam se tuze troll karana band karungi tu shilpa se etana jalati kyu ho akhir kya bigada hai shilpa ne tumhara jo use hate karati ho tumne aur shilpa ne kabhi kam bhi nhi kiya sath to problem kya hai,1
bhai tu toh bilkul apna banda hai,0
modi u r a hopeless pm apne garib ko maar daala i hate u sirf aap bol bacchan dete ho karte kuch bhi nhi u r fake person,1
kya bat karte ho sir,0
ch t k bhagat,1
haa haa grammar nazi aa gaye,0
bhai khoon congress waalo ka hath mei nahi 84 riots ke sidhu ne jinse haath milaya hai,0
rape ke mamale me logo ko hi kuchh karna he,1
akhilesh ji ap kya karenge ager yogi jimmedar hai means 5 saal hatya rape ke liye ap jimmedar the to chup hi raho aap,1
mere jism ka khoon ka akhiro qatra quraban ho rasool pe aur tumhara pura body ganga nadi pe hahaha,0
arey thoda adventure kar le,0
dekh tu kitni jaldi bhage ga salo apni behan ko chor do salo kabhi bhi daru pike apni bhahen ka rape karte ho kutto madarchod,0
allahabad main bhi ek gangrape hua hai kal bachhi k sath aur ek lady morning walk par gayi thi us ka murder hua hai is sarkar main bura hal,1
bhai tu toh bilkul seedha saadha hai,0
gandnatije,1
teri behen ke saath oyo room book karke pura din pelunga,1
jo desh ki apni maa ki ijjat lutate hai o to khud ki maa charo kisi ki bhi maa ko rape kar sakta hai,1
bh0sd k3 m,1
bhai tu toh full motivational speaker ban gaya reel pe,0
aap sahi hai i know that s but salman say his interview in aap ke adalat with jo log ye kahte hai mere liye kya kiya wo salman bhai ke looser category m jate hai to salman bhai ye kaise kar sakte hai jab ki wo khud hate karte aise logo se,0
transfer ho rahi hai,0
iss se acha tha jo terrorism pe paisa barbad pakistan kr rha hai vo apne koom ke tarki mai lagata tou aaj pakistan itni garib mulk nhi hota,0
yaar ye heena ro ko bula rahi hai lekin awaz se poori dunia ke kaan band krwa rahi hai kaisi pagal hai yaar ye i hate her bhot jyada gandi gali aa rahi hai is pagal ko dekhkr,0
ind ki poverty b zyada hai,0
chudaikhana,1
koi task puri nahi karti i hate her,1
i hate politics,1
alisha ahmad k rape aur phir os waqat kaha tha tera andar m bin qasim,0
pandits ko maar diya ghar se beghar kardiya lekin pandit terrorist nahin bana hindu terrorism kahan se aaya aur har ekuslim terrorist hai aur terrorism kha koi religion nahin hai kya baat hai,1
bhai tu toh full beard rakh ke manly lagta hai andar se nanha sa,0
kiss ki hate speech chala di,0
tu madras chaap jahil ki baat krega khud ki ammi khala behen ka rape karta hai halala karta allah chillane wala aatanki hota hain aur tu hain woh aatanki samjha bete,1
rameez bhai please terrorism kee tareef karein,0
kohli ne paisa khaya hai i prop aur mere is tweet pr koi new wala nhi dekhega kyo ki sabko apna apna paisa mil gaya hai i hate kohli,1
kab se jab se muslamano ne hindu ka rape and balatkar karke kashmir se nikal diya tab se ya pahle se,1
aray yar ye gang rape ki padaish hai is k walid ko q khostay ho,1
phele toh rohingya muslim ne buddhist hindu logo ko mara rape kiya conversion kiya aur ab apna randi rona ro rahe hai,1
bhi kuch city mai ho rahi hai to saza e mout nahi ho rahi hai,0
abe kutte modi ko to teen sal huye hai 70 sal tak teri ma ke yar kishano ka khoon pikar unko anemic kar diya chosne ko bacha kya hai,1
teri behen ke boobs pe swastika bana dunga,1
khatam ho gya abb hiten bhai ko hate karte ho toh comment hi mat karo,0
tu toh bolta hai main vegetarian hu phir chicken kha leta hai,0
bhai tu toh full time ka dushman hai,0
wese chahe rape hote rahe poore desh me no one bats an eye then,1
toone maanaa madarso me nafrat failaayi jaati hai good baat par tike rehnaa baaki kahi tik nahi paate ho kaisi lagi meri ray,0
yadav ji ye aapki neech mansikta hai sayad jo aap aisa bol rahe agar aap ki koi behen ya dost rape ka shikar hue hoti to sayad aapko bhi bura na lagta are chahe jo govt ho samne rape aur farmers suicide rukega aur jo aap galiyan de rhe ho mujhe kal taliyan bhi bajana,1
sambitji jara un betiyonke bare me bhi sadness fill kijiye jinka rape aur murder kar diya gaya aapki haryana state me,1
maine kab kaha k ghaib kerna theek hai meri konsi tweet main ye likha hai sare e aam phansi do jo bakwas kare,1
we do appreciate bhai but kabhi kabhi achi filmo ko bhi aap rape kar dalte ho,0
tu jaha mai waha starring vinod khanna sulakshana pandit movie garam khoon 1980,0
but why jab pri ye sochke vikas ko support kr rha tha tb to ji frndshp ki bat kr rhe the ki frnds ko hi support kro 2min pahle kh rhe the i hate u bhi janta tha ki wha bethe kitne bhi city baje pr dil se sirf hina sath hai to uska vote metter krta h,0
ye bhi rape ka nateeja hah,0
ye jis jagaa k hain p waqaii koi muqaabla nahi karsakta ye jo naa karain wo kam hai kabhi insaan ka gosht khaatay hain to kabhi rape blah blah blah bohot naam roshan kya hai inho ne mulk ka,1
doctor chutiye terrorist hindu bhi hai lalu kon hai hindu uske 11 bache hai aur ha 11k rape ya shaadi kisne aur konse bagwan ne ki chck kar,1
aisa kuch nahi i hate it,1
bhadwa dalal,1
gujrati to in insaani gadho se khud pareshan hai koi rape karta hai koi kisano dalito muslimo ko peet ta hai aur zameen chor dhol,1
fucking hate ppp kaam aik anay ka nahi kia aur har cheez ka name benazir bhutto shaheed rakh dia kuttay ka bache,1
fulandevi jab police station gai complain karne tab policewalo ne police station me nyay karne k bajai abla fulandevi ka rape kiya,0
panama par app me kabhi baat nahi ki hisaab mangna tu hate nahi heee,0
humary han doodh wala literally roz roz uska rape karta hai,0
mast vibe hai aaj,0
teri maa ke boobs kaat ke squash ball bana dunga,1
rape wala bhajpa,0
teri maa ki chut mein ganga jal daal ke paap dhulwa dunga,1
waah hate him or love him you can t ignore him baar baat dekha na trailer kaash to dbb raabta aur sdr bhi baar baar dekha hota,0
bhai ye to salman se upr pahuch gyi wat a attitude i hate bani,1
patichod,1
maalik aajkal mai madarse me nhi ja raha bahut rape ho rahe hai u know waise meri bakri bhi lapata hai what should i do,0
sir humare rajput bhai ka khoon,0
teri maa ke muh mein lund daal ke happy birthday gaunga phir,1
adnan jeelani4 super hit dramas wafa bewafa se humare ghar mein mohabbat nafrat se aatish pic twitter com tmpwddb4kn,0
i hate traveling alone ajakal to bajuwalo se bat karane ki iccha bhi nai hoti,1
to reply kare jaldi se mein nahi dekh sakta ki salman bhai se aise koi aise bat kare i hate bani,1
oh maadarchod ke bachey praful naukar how is modi hate anti india rundi ke bachey,0
akhilesh ke gunda raaj rape ghotala not fir rapist ko bachana in sab per bolne aaye the nahi na ab bhoko jor se bhoko shor se,0
o chawal mullay zabardast dance hai u r v talented dance karna gunah nahin bachon ko rape karna gunah hai,0
koi chocolate kese hate kr skta hai,0
aj bharat me karodo log chori rape etc karne ko majboor hai yeh sab ke jimmedar ap hai modi g kyuki agar in sab yuvao ko rojgar mile,0
bhai kaya choice h wha india hate arshi khan i can bet jutte na parre iscey kahe bahar jakee,1
abey fatey chutad apni g bacha chinese se pakistan ka rape kar rahe hai,1
tu toh full stuck hai life mein,0
bht bap bap kra tha na kya hua tv kahan tuthay lol lundistan mai tuthay kisi rape ki paidawar isliyai kehtay kam bola karo,1
dr mms 10 saal tho chup rahe aur barbaadi ke ore leke gaye hindustan ko hindu terrorism ko staapit karne koshish kiya ab kyon bol rahe ho,0
potty,1
kar lo jo kar skty ho hai tu rape capital tumhara he,0
tum logo paise milte paise k tttu andhe ho kya 3 murder kis n kiye,1
matlab agar ladki cheekhe nahin to uska rape karne legal hoga waah great logic,1
tu toh subah 6 baje uthne ka sapna dekhta hai,0
chodela,1
hiten is my fev but wo entertain nhi h,0
bhai jab tumne decide kar hi liya hai ki tumhe ek qaum ko hate karna hi karna hai to no can 1 change u it s up to u 2 think sensibly,0
me kitnay bhi khi waalo se mila hu they hate ah and farooq sattar etc,0
toilets nhe hai tmbaray haan jabhi safe hain larkiyan toilet se bhi neech lagti hai endians ko jabhi har 5 min mein 1 ka rape hota hai,0
tu toh bolta hai main sab jaanta hu,0
ghussa,1
ved tiwari ye bhi sahi hai baba log to chupa ke rapr kar rahe muslim me maulvi dharm ke naam pe mahilawo ka rape karte hai baba aur maulvi dono galat kare hai,0
tumhari cong hoti tou italy k rishtedar ammer ho hate yahan sage bhai bhi nahi corruption kahan,0
aaap log support karna band kar do terrorism ko wo automatically band hojae ga hamen haar manzoor nai he banyon se,0
teri khud ki gadhe jaisi sakal h tere baap ke gunde the wo jo sansad me rape krne wale the,1
1 bhai gd mrng jo v ho gaya use sab vul kr anewali west indies series ke liye dhyan do haters kaa to kaam hai hate krna,0
arya fan par arjun kyu hate list me aate ja rhe ho maya k liye socha ki usko kaisa laga hoga bachpan me baap ab tum sab dhoke baaz,0
chikna,1
dhamki dene wale rape ki paidaish hi hain saale,1
tu toh fake nahi ban sakta,0
chut mein keede,1
arey tu toh gym selfie daalta hai protein shake paani hota hai,0
5 din me 10 se upar ladkiyon ke rape hue haryana me par ye so called rajput ghar se nahi nikle protest karne,1
ye sajis nai h gundagardi h tum jaise log hote h jo ek ladki ke rape hone pe bolte h ke zarur ladki ne uksaya hoga,1
tu toh bina mummy ke khana nahi kha sakta,0
le dekh kon krta hai rape pic twitter com ikxqda89qh,0
arey thoda workout kar le bhai,0
chalo terrorism ki wajah se toh phatti hai ap logo ki d and we are not terrorist and unka ko koi imaan nahi hota what about gujarat kashmir,0
budha insaan tri fuddi to 65 ki hai koi donkey hi chode tujhe or han jitenge bhi hm n plz ye rape karna chordo hme izzat pyari hai jeet nhi,0
teri maa ke saath suhaagraat mana ke usko pregnant karunga,1
tu toh bolta hai main earning kar raha hu youtube se 4 rupaye aaye,0
aap terrorism kee baat kurtaay hoo humnaay balochistan saay apka curnel pukraa hai joo balochistan maay terrorism kurtaa thaa,0
to ye batao ke army ne kiya hai ya nahi aise koi kritya koi ghalati hui thi kya rape rape hi hai koi karega to ghalat hi hoga,1
main kon se sachye sa baagi app ek pic laga k khud tabsra ker rahy ho main ki koi laga doon ore khoon tum ya ker rahy thy hahahah lol kia mazaq ha pic twitter com lwjknxrktq,0
la bhai raid ko 15 aug ko dhang se rape hoga vimal sir ka,0
iska to rape bhi hona chahye tha dehli mai,1
yeh kaisi kasmiriyat so apne khoon see holiday khele laanat hai aise logon pe jo apne jawano ko chod ke terrorist ke maiyad mein jaaye,0
i hate bani bhut irritating hai,1
bhai tu toh bilkul mamma s boy hai,0
rishi ji baap wali baat ka jawab to mil gaya hoga rahi baat terrorism ki wo dunya ko pata hay kon zimedar hay,0
tu toh real wala dost hai bhai respect,0
jit bny py mithai batny walo ab kiyon maa mr gae jab jit ny rape kr dia tumara or qatari maryam ka yar kidhr hy,0
ladla wo hay jo fard jurm kay bad bhi girftar nahi hota money trail nahi deta aur saza nahi milti 14 murder karta hay aur phansi nahi lagti,0
jhaant ka jhanda,1
lolwa hate toh mai bhi nahi karta lekin ainvey hi,0
bhai nuksan pain izzat to sirf ek ladki ke he gyi jisne rape kiya uska to kuch bhi nhai gya,0
kya galat bolo miya tum jaker dekha kya west bangal me kya ho raha hai kitane rape huwe kitane ghar jale usake liye kya jibh me lakwa tha,0
samaj sewa mc inka samaj sewa matlab rape murder hai khali,1
arey thoda sun bhi liya kar,0
bht hate hai yaar in k dil mein or mujhy waja nhe pata,0
i hate jihadi bhai and also hare bhakt dono kamine hain,1
fazool mei srk ke liye aur hate badh jaayega bc,0
kutte ki tarah bhonk,1
jab kashmir mein log violent protests karte hain to vo marte hain violence karne vaalon ko maar padni hi chahiye ek mari hui aurat se bhavnaye hurt hoti hain aur jo roz choti bachchiyon ka rape ho rha hai usse rajputon ko koi fark nhi padta,1
haha tu toh full susu baby ban gaya,0
headline to kuch or bnata bhai tu tere jaise media ki wajah se hi logon me patriotism kam ho raha hai and terrorism bad raha hai,1
too apna khandan suar se chudwa kar aya hai tere randistan main tw rape bhi bohat hote hain lol rapist randians,0
ha ha education salo tumne education ke naam par orto ko nanga kar rakha he or rape badhte ja rahe sirf or sirf isliye,0
bhai hate nhi jab se jindgi me playstation aya tab se sab chhut gaya,0
aur ye bhu ke ladkon ko khula chhod dete hain rape karne,1
ch t ph r,1
yeh achcha nahi kiya yaar aapne i hate you,1
toilet rape aur pishi kapoor wali chussen na marni,0
i hate you both mujhay khuch samajh nahe araha,1
bhai hate ni pyar phailata ha or jo pyar se nhi manta na wo usme itne ched karta ha ki wo confused ho jata ha ki sans kaha se le aur,0
kidnap aur rape 17 saala karne wale shaik sayeed bawazir aur uska sathi chanchalguda jail me,1
o je rail mein to mumkin hi nahi hai rape karna 3 dafa main nay koshish ki lekin nakam raha railway minister,0
teri maa ki chut mein firecracker daal ke happy diwali bolunga,1
abe gaddar tu sirf hindu k khilaf hi qu bolta h dum h to muslim logo ne kashmir girls ka rape kiya tha uspar b bol,0
terrorism kon karta hay kashmir may abhi tak 5 lakh logu ko kiss nay mara chotay chotay bachu par pellet kis nay chalayay,0
tere baap ko kutta bana ke uski leash teri maa ke haath mein dunga,1
hina ke against me jo hi hoga vo sahi hoga i hate hinakhan,1
teri maa ka rape 11000 talibaniyo ne kiya chudwate chudwate mar gayi wo,0
pata nahi kyon m naam walo ko bharat se aur hinduism se itni nafrat kyon hai for chahe wo mamata ho ya media ya,1
kisi kay baap ka yeh pakistan thori hay,0
i hate dis condolences akhir kab tak ab waqt hai pahele protesters ki legs me goli marne ka jo jis bhasa ko samjhta hai,0
lol matlab bhabhiji bach gayi samajwadiyon ke rape ladke hai rape kar hibdete hai aisa unke sasur ne bola lol,0
haan hm tilak dekr chhod dete hain jalate nahin hain orton ko ya kisi baba ko rape krne ke liye nahin dete hain,0
jis din ye kanun bn gya ki rape krne wale ko bhre bajar m napunsak bnaya jayega us din betiya ji payengi,0
tu toh dil khol ke jeeta hai,0
agar up mien sp jeeti to ek hi gaana bajega up ko rape pasand hai yahi to yahan ke neta kehte hai naadani galti,0
to chal bol mohmad ne 7 saal ki bachi ka rape kya,0
ye rapist n killer pakra kyon nai ja raha is kutte ka b kisi gadhe se rape krwa k isse phansi deni chahiye,1
tu toh bolta hai main minimalist hu almari full,0
khoon ki aik bond kaghaz ko rangela ker gaye,0
sir meri chhoti bahan ka rape aaj hua hai,0
provinces or banana to achi baat hay magar pakistani bun jana to fakhar ki baat hui na baat baat p nafrat achi nahi,0
teri maa ke boobs kaat ke football world cup khelunga,1
tere baap ka lund kaat ke usse pen drive bana dunga,1
jitne rape cases hue sab rapists ko phansi do phir dekho india me kese hamari maa bahen safe hoti hen,0
q teri behan ka rape kiya tha us criminal ne ya wo tere maa ka yar hai salo 2kaudi ki aukad nhi tingu tumhari aur aa gaye bakwas karne,0
abhi tera rape karugiii,1
i hate gaddar indian behuda mulla these molwi muslimo ko gandi barbaad soch de rhe h ye islam ke dusmn islam ko kbr me dalege aamin,1
bhosdi ke tera rape kar diya kisi ne kya or videshi arya kon h tere he baap purkhe hoge ijjat kar saale,1
congress ke agents ho ya maha murkh rape rape hota hai use dalit or non dalit see jo kar mat dekho,1
tujhe religion ko terrorism se aur rakptapaan se jodane ki jaroorat nahi hai koi tera intejaar nahi kar raha hai na hi tere approval disapproval ki koi value hai,0
kahi inka bhi rape na hojaye,0
hahaha nahi mere kis kam ki yahn sekh b jaon to bhol jati i hate pashto,1
larkiyon kay rape may,0
bh0sd k3 p3l3ng3,1
aniqa you are so sweet tujhse nafrat karna bhi chahu to nahi hogi dil to tujhe apna manta hai tujhe india wife banane ka dil karta hai,0
tum logon ne indians hi karwaya tha blasts in pakistan iss liye aise posts daal rahe ho,1
to bhi i hate mulla mulayam party,1
bhai tu toh bilkul mast hai yaar,0
sabhi ka khoon what nonesense ye des hindustan h is des me videsi akar base inhone atank bhar diya or isko loot liya nafrat ka beej bo diya,0
kya tume lagta hai agar islam nahi hota kashmir mai to kya terrorism hota kashmir mai nahi,0
kaam bolta hai despite rape allegations akhilesh yadav campaigns for gayatri prajapati pic twitter com upm98wvkkf,0
kyun hitler ne kya nani ka rape kiya thaa,0
bhai tu toh full six pack dream tummy full pack,0
bhai tu toh full sharaabi hai bolta hai sirf weekend,0
tu toh bolta hai main adult hu phir mummy se permission leta hai,0
tu toh bilkul seedha saadha hai yaar,0
tu toh bolta hai perfume lagaya hai pasine ki khushbu,0
love with dogs and hate with cow political animal lover ye wahi log h jo subah kutte ki rassi pakad ke cow ka milk dhundhne jate hai,0
nai fokat ka hate nai chahiye srk ke liye,0
bomb fodna jayej h islam mai logo ko marna jayej h rape karna jayej h sab jayej hi h,1
hamare hindustan me aaj kal ye desh bhakti nahi ho raha hai raquat khun bhakti bahut ho rahai hai or rape bhakti bahut ho raha hai,0
l nd ch00s le s,1
bhai tu toh standup kar sakta hai,0
i hate yahya jammeh sa chapi mamitimam,1
sir ji ab ye possible nahi hai bahut nafrat hai dono or ab ek hi rasta hai sarhad ke lakir ko mita kar hi ye khatam ho sakta hai jinna sahab to mar gaye or neharu ji bhi ab fir se ek kartay hai dono mulk ko akhand bharat ek bharat,0
haan aur misunderstanding aur nafrat badd jayegi uski anika ke liye,0
i hate weddings ye madrchod log 1 ghante se ghar k niche dhol baja rhe h,1
tumhari amma ka rape mera baap kar chuka ab papu karega tu video banake paise kama lena,1
bhai inke moitarma ke rape wale comment per maine likha rape koi bhi kare uski bhartsna honi chaye rape ek bemari hai kya galat kaha,0
hate karne wale k maan main bhi pyar hota hai,0
woh mulk jahan 3 aurton ko rape ki ijazat twitter com n7uy5vpasu,1
abe incognito naam ke piche chupe jihadi kutte yeh spamming band kar ration card ke naam par rape karna aur nirbhaya rapist ko appeasement ke liye 10k rs aur sewing machine dena yeh hai tumhari aurto ke prati izzat,0
ye rape rokega nahi shoot karne mein laga rahega kya gobar dimaag hai,1
jhalla,1
lawde pe tattoo,1
i hate bre bre nails wali kuriyan susti le k ghomti hen yaak,1
aur rape har cast me hote hai terrorism aur ralist ki aste nahi hoti,1
apko sirf glass shield itni takleef de rahi hy us terrorism ka kya jo ne pak me kiya un maaon aur biviun ka kya shame on u,0
ab yeh toh khoon karne se pehle sochna chahiye tha na earth shakes when a big tree falls bhi bol dala,0
halala ki paidaish kuran hi chunega indian constitutuin k badle saale ye kyu bhool jate ho ki pahle the to tum bhi hindu hi babar aur aurangzeb ne hi tumhe hindu se muslman bana dia hai ab kaise banaya kiska rape kia kiska halala hua ye tum khud pata kr lo,1
acha choro yar tum log jeeto aur hazaaron bar jeeto sirf terrorism band kar do yar mujhe haar manzoor hai we want peace and love,0
was i the only hate not liking selfie jab wo camera ke agay zabardasti aa raha tha trophy ke sath baqiyo ko anay de bhai kuch sharam kar,1
kabhi toh lagta hai bb ghar me jaake k muh sujadoon i hate u makeup witch,1
raandsaala,1
gali mat de bhai nai to bolegi muslim hoon is liye gali de raha bolti ha army iski maa been ka rape kiya,0
haan teri maa ki choot mein kitne rape huey the jo tu hua,0
ab rape ko b dhrm m baat diye ho wah yr kya mentality h tm logo ki yaha aaye din aise incident hote h koi dhrm jati hindu muslim ni pcuh rha,1
ise aaj rape ki bahut fikr ho rhi h uss time kha tha jb kashmiri pandito ko bhagay jaa rha tha aur aurto k saath rape ho rha,1
3 more blasts in pakistan bomb phodh phodh ke ma chod do uss desh ki bhenchod,1
excuse me mr rishi kapoor aap na bolne se pehle socha kare terrorism aap log khatam kare humare kashmir per aap log kaise zulum kar rahe hai,0
bancho,1
aur kuch tou emojies ka rape karte hain,0
pakistan me ladkiyo ki kya halat he iska andaza isi baat se lagaya ja sakta he pak me rape accused ko nhi rape victims ko saza di jati he,1
i also hate vikas bt priyank ne hina ka naam nh liya ar hina kaise khus hokr boli vikas ko muh dekhne layak tha vikas ka vikas gupta kya smjte ho,1
himachal gang rape ko highlight kyu ni kiya ja rha hai ye case kyu dabb rha hai,0
sir giri hui soch rkhne wale ko show m na bulaya jae usse desh m nafrat felti h kafi aise log b hote h jo khud m kch ni,1
bhai sir aapko spelling mistake me taklif hai 16 woman ko rape karne me nahi na hi ek bhi tweet,0
chuchi,1
democracy hai to sabko sunna hai,0
us ne chodo yaar kaha tha fakhar aamir ne rape kr diya,0
pehli tumhare army tumhe protect karle from terrorism wohi enough hoga kashmir to door k baat hai,1
iss khandan ko hitler ki zarorat hai,0
bhai tu toh full corporate slave hai weekend ka wait karta hai,0
chutiye sunn teri tarha hum sarak par susu nahi kartey aur larkiyon ko ozzat dete hai we dont rape them,0
kaun rapper acha gaata hai bhai i hate all bas music ka kachara karne aaye hai sab,1
tu toh bolta hai main gemini hu phir cancer wala drama karta hai,0
kitni gaand jalti hai bhai teri even srk fans hate u chutiye,1
achchha indian hindu n achchha indian muslim kabhi bhi ekdusre ke liye dil me nafrat nahi rakhta sir aap aise comments ko ignore karein pls,0
bhai tu masi rape case se reha hogaya sach sach bata lagta tu nahi tu aesa kar skayga,1
gaand mein bamboo,1
rape aur toilets par joke bana na koi bohat he ghatiya harkat hai,1
rape ka matlab rape hai chahe vo kisi bhi age ki ho please age ki divar na khadi karen,0
agar tumhara payari bahan ko koi rape kare aur private place mein chaku markar khatam karde to tum ahinsa ki mukhota pahankar oose samjao ge,0
tumche gambhirya disale amhala mahad durghtnechya veli shame on prakash mehta we hate corruption mind it guilty asal tar sodnar nahi,1
punjab me terrorism ki jimmebar to bjp ki dost log he jhooth ki bhi ek had hoti he,0
mughalo k rape ka nateeja hai tu osama bin laden ki aulaad dekh kahin agla bomb teri maa k gaand mein naa fatt jaye,1
na yr lucknow kyu nei jayenge har jagah hate hai sr,0
future ke terrorist hai ye log essi masjid me bhi terrorism ka hi path padaya jata hai,1
gadha,1
tu hi bata de bhai tere mla ne kitne rape kiye kitni naqli degree bechi kitno ne jnu jakar anti national slogans lagwaye,1
bhai maire man mai aisa vichar aabat rahi tum jitna fiam wo hai ka padmavat ko rokne mai jitni koshish karat ho itani koshi apne desh mai rape rokan mai karo to kau desh ko rastpati ji na kahego k india mai sabhal k jaio,1
twitter pe beth kar fauj or riasat k faislo k khilaf qoum ko warghalana ye hate speech to the nation hai,1
jb dekho pakistan ja chali ja pakistan apne haryana me kitne rape ho rahe he uske baar me mt khio gaddar,1
s suar ka baccha,1
hahaha hassi toh aayegi hai tumhare karne pai isse karne kai chalte toh bangladesh aazad hua tha waha bhi teri pakistani terrorist army nai awrto ka rape kiya tha lagta hai abb baluchistan ki azzadi ki baare hai,0
jis baba n rape kiya use k liye pure sahar m aag laga di kya insaf sirf hindu ya muslim dekh kar kroge,0
kuch toh kariye jaab humhari behne maa ka rape ho raha hai mara ja raha hai kya galti thi is15 saal ki ladki ki lachaar bana diya pic twitter com krxobamedx,0
i hate this shikas crap kitna parishan krte hai vikas ko inko nhi dikta kya vikas irritate ho rahe inn sab se,1
tumhe koi kehe shkti kapoor k pass jayo even jutta utha de toh kaisa lagega hate karna bandh karo but fact par baat karo jha if u girl so yeh girls ki respect ki baat hai behan,0
tere baap ke balls kaat ke table tennis tournament karwa dunga,1
tu toh hamesha yaad rahega yaar,0
thank god mulle tera rape nahi hua bol bhi le mulle jai shree ram,0
main taan kuch boliya nahin tusi odo kee kardey jado gurmeher kaur nu rape diya dhamkiya ditiya tuhadey kuttey abvp tey rss dey kuttey ney,0
i hate u aap fanse ke saath esa kyon kr rahe ho batao na agr me accha ss ni de sakte to fir start karo,1
tum jaise logon se baat nahi karte,1
tumhari army ne kya kiya bangladesh me 600000 majloom aurato ka rape,1
dekhen bahit na aiegaa apky rape honay k chances ziada hai,0
corruption 75 khatm,0
bad politics ek hindu bhai dusre hindu bhai ka khoon pene k liye taiyar hogaya he,0
kaisa thakur hai tu apne purkho ke naam pe free mein sirf garv karna jaanta hai,1
kuch v kahlo kuch v sunlo nota kar do par cong ko vote mat do 60 sal may bharat ma ka itna rape kiya ab nehi,1
i hate it so much ghar valo ne itne khelaye hai pucho maat,1
aate hai i hate all them,1
jaise note k lie modi zimmedar hain waise hi rape k liye tu tune hi karaye hain rape delhi me balatkari,1
abhijeet bhattacharya up waalon ke khoon main hi politics hoti hai,0
are ek paigamabar 9 sal ki aysha ka rape kiyaa the use aaj hota to to tihard me hota,0
ghulami khoon ki bemari jaisay hooti hay is ka koi illaj nai yeh pooray jism kay sath sath rooh main bhee sarryiat ker jate hay,0
bhai tu toh bilkul topper nahi ban sakta,0
kutti tu jitana vikas ke khilaf likhege utana hi tere shitpa ko nafrat milege mujhe woh buri nhi latati tere jaise wahiyat fan ke wajah se shilpa shitpa lagane lagi carry on more u will write bullshit more people will hate shitpa twitter par hi jeeta lena shitpa ko,0
hahaha kr lia theek kia muje pta ta zarur kroge ab abvp pe aagye arey kisko rape ki dhamki di gurmehar ko bhai wo banda abvp ka ni ta,0
sir ye 12 saal kya hota rape ki saja keval faasi ab wo kisi b age ki ladki kyu na ho,0
ab akhileshwa nahin raha cm to ahir log sarkari jameen par kabja karna chhod ke scs ki betiyon ka rape karna band karke quran padh rahe ho,0
kutta,1
1st army in the world jisko terrorist aur terrorism ki jaroorat padti hai bina iske kaam nahi chalta hai pakistan army ka,0
naqli tasveer vaale daanishmand bhakt maharaj mujhe hate monger bulaane se pehle aainaa dekh liyaa hothaa jai hind,1
shadi main nachay na nachay lekin tum logon say behtar hai wo kia kehtay hain tumhare desh ko rapistan where rape is allowed hahahhaha,0
all pakistani are pig ye saale kabhi terrorism band nahi karenge,1
yeh chipkali shivaay pe kuch bhi ilzaam dal shakti hai rape ka bhi shivaay has no proof ulta media pe biwi declare kar chuka hai,0
agaar ghalat hn to correction kijiye ga,0
bhai tu toh bilkul nakhrila nawab hai,0
teri behen ke boobs pe amul butter laga ke chaatunga,1
betion ko rape karne wale kitne nirdosh baap jailon meh band hain,0
bhai tu toh full beggar of validation hai,0
sir g samajhdar aadami wo hi h jo doobti nav ko chod de kaha congress me aaye filmo me rape karo paisa kamao,0
nirodh,1
nabalik bachiyo ka rape karne wale ki khabar nahi dikhayi to itna bura kyu lag raha hai tumhari betiya ghar me safe hai hamare mahan saint,0
achaa iss terrorism ki baat kar rahe thay jo oval mein ho raha hai acha theek hai paayn,0
bhaag i hate hina,0
tu toh bolta hai main teetotaller hu phir thodi si pee leta hai,0
bhai tumahare yaha bhi to rape hote hai abhi ka rape hua tha puri duniya ne dekha tha ki pakistan women s ke liye kitna safe hai,0
filmoh wale long so acchi batain karte hain rishi kapoor ki roz kisi na kisi ladki ke sath affairs rape ki khabar aati hai,1
hijde ki aulaad,1
drama king kahinka,0
tera baap to to teri ma ko mullon ke hatho rape hote chod gaya tha tu to illegitimate hai,0
chutiye ka dimag nahi hai,1
pakistan ki pol khul gye ab bhi pakistan ki pass kuch kahene liye rahe gya h kya sarrm karo india nassa me space me pahuch gya our tum abhi terrorism me he atke ho samemonyo,1
kyuki rape pidit ki hi nahi uske aur uski family reletive aur ane wale kal ki bhi jindgi barbad ho jati hai,0
agar no hate guru gobind singh,0
we are showing we really kya baat kar rahe ho aanshu aagaye yaar koi itna hatred kaise laa sakta hai,0
bjp se nafrat modi se nafrat thik hai lekin apni bjp modi se nafrat ko desh se nafrat me na hone do congress to dube gi desh ko dubaoge,0
hate ko ghas khe la ne gay a hai,0
wo ro ro kar kehta raha mujhe nafrat hy tumse hitler rule hota to ye azam khan khud bhi abhi tak na hota chaar din ki zindagi hai aur ye 4tha din hai yeh soch kar itne saal nikal diye wafadari mhare khoon me hai twitter com snrgpawnjm,0
achha bo rabish k bhai pande ji ko rape case me ander daal diya ya bhai ji ki jaat puchkar case ltka diya,0
tu toh mood nahi hai bolke party cancel karwa deta hai,0
ham likhte hi aisa hai ki khoon garam ho jaae khikhikhi khair yah bas mera imagination hai as a writer baaki om raut ne apna likha hoga kuch alag,0
m chudw l3 b3t,1
sir ji rape 12 saal ki bacchi ka ho ya 28 saal ki ladki ka rape to rape hai or har rape ki ek hi sazaa honi chahiye vo hai sare aam fasi,0
hahaha hina fare ki baat tum mat kro duniya ki sabse fake tum ho or ye arshi badha hina hina kar rahi hai do din mai juta khyegi hina se but shilpa ji plz ab arshi ko kabhi accept maaf na krna we hate her usne bht ghatiya kiya apke sat h,1
we can understand nafart ghol diya hai tum logon pak ke naam se or pyaar bhi hai paki se ye kasoor tumhare khoon ka hai,1
tum keh tay pakistan acha nahi chalo thik hai tumare india acha phir kise mother sister safe kyun nahi jawab hain 15mint ek rape hota hai,0
takke,1
har aan i hate hamrahe aval,0
ashu bhaiyya ye kya ho raha hai shilpa ki pr jake vikas ko support i hate this triparna,1
gujrat ma musalmano ka qatil e aam aur aurto ka rape kis ny kiya by zakir naik __dr zakir naik,0
is pic ka tune rape kar diya,0
bilkul sahi yea baat media ko samjna chahiye media he bolti h dalti ladki ke sath rape hua muslim ladki ke sath rape and all,0
aur ye barun ka comeback show tha koi q nahi dekhna chahega lekin fir b nahi dekh paye mai shivani ko q hate karu muze uski acting nahi achchi lagi jo muze laga wo maine kaha wo mera opinion hai,0
bhai tu toh bol sakta hai sab thik ho jayega,0
yaha rape karne walonko saza miltha hai waha rape kiska hua hai usko miltha hai,1
dekho rohan ki popularity usse ke liye mai tumhe hate kar rahi hu keyoki i love rohan,0
tera rape karne koi hayega to tu kolke degi ya pattar maarke bagayegi,0
bas kar bhosdiwale,1
abhi toh ye deal poori bhi nahi huyi pehle hi haar gaye yaar terrorism band kya karna hai cricketers ne hi bomb phodne start kar diye,0
s haramkhor,1
paki log zyada hate kartay hain,0
tumhara main mu na tor dun budhey terrorism hum nahin karty sari ki sari haramkhoriiii tum login ki hoti hai or name pak ka khrak hotaa,0
kyu bahot se pakistani aur indian ek dusre nafrat karte hai so much hate on my tl koi answer do,1
atankvadi,1
mai kisi dharm ko hate nai karta koi mera dharm leke ungli karega yah kshoti karne ki kousis karega usko chorne wala nai hu,0
chori ek paise bhi hoti hai aur lakhon ki bhi chori chori hai terrorism is terrorism ek maaro ya hazaaron don t try to defend yourself,1
judges msti se so rhe hai,0
that kisi se nafrat utni hi karo ke mohabbat ki gunjaish rahe,0
tere baap ko kutta bana ke uski shaadi teri maa se karwa dunga phir,1
26 january ko haryana ki jhanki me rape aise hota hai darshaya jayega scene kuch iss tarh hoga kuch gunde ek nabalik ka rape kar rahe honge aur lg prsident pm vice president cji ls speaker mook darshak bhism piatamah ki tarah baithe honge,1
so sad akhir kab tak jehadi log aaise hi khoon bahayege,0
hindu muslim sikh issayee aapas me sab bhai bhai why to hate some one,0
vikrant ko bahut man kr rha ki use koi i hate u bole,1
teri maa ko burkha utarwa ke bigg boss mein daal dunga,1
bh0sd t ght,1
abey haramjade tujhee kuch maloom nahi waha rape kar rahi thi tumhari fauj aur attack tumne kiya hamane jawab diya,1
cm thai to terrorism sai kasai ladna hai sab malum tha pm hotai hi sab bhool gayai or cake kaha nai pakistan bhi chala gayai,1
woh suna hai tumhare faujion ko unke senior rape karte hain,0
ap bhi kashmiris pe pallet guns ki terrorism use krna chor den balke behter hoga kashmiris ko bhi chor den,0
tu toh dost hai isliye pyaar se bol rahe hain warna,0
kisi ne to yeh khwab din me jagate huye dekha public ko vishwas dilaya,0
teri maa ko randi bana ke uska rate 500 hr fix kar dunga,1
betiya paida hi mat karo garb htyaa ko prmot karo betiyo ko gawar rakho khuleaam rape hone doo mardo ki duniya ko bhadwa doo,1
tere baap ke gaand mein burj khalifa ghusa dunga phir,1
bilkul sahi kaha aapne aur agar koi rape and death threats deta ho to wo ek bhakt hai kyu ki asi sigh bahakt hi rkh skte hai,0
aisa koi baat nai hai aise logo ka mai suport nai karta aise rapist ko kutte ki maut dena chahiye sirf yeh bolke nai jo rape karta hai usko,1
rishi kapoor sahab ap k saath tau ground mai terrorism hogya jee bilkul baap baap hota hai,0
varun khan ulti ganga hate speech,0
tu toh bolta hai main bada ho gaya hu phir mummy se daant khata hai,0
l nd l3 m,1
that s my opinion don t hate me,0
ne jo kiya apne dam pe kiya lekin kundali par toh kumkum ki meher hai fir v kundali wale jamin par pau ho nahi rakhte rat ke 10 baje akar trp lao fir bolna i hate kundali because kundali ke karan kumkum bhagya no1 par nahi hai,1
jadeja ka rape hogya hai,0
nahi yaar yeh shilpa ji ghar main mummy bana diya tha sabne toh maine ek example dediya chahata tha ki aap chup hojaye priyank ke baare main aur bura mat bolo mujhe pasand haina woh isiliye dil ka achha ladka hai usse hate bhi toh kar paa raha chalo chhodo aap usko bura bolo,0
once a chutiya always a chutiya ik aut apni ammi ki nakam mohabbat ki nashai dekh jab fawad teri baji ka rape kar raha tha pic twitter com qhzjsuradf,1
bhai ab kya ravish ka rape krvoage vo bhi ravish ke bhai se ab pati kali ni g d lal hogi kuch dino m jab police m,1
sarkar hi esi baat par bani hai hamare city mai to cow se rape ka case kar diya pitne ke bad medical semen sab check hua jan lene wale the,0
harami log,1
kya hate wala kaam kiya bata to tere pass bahut followers hai to jo man me aayega karega,0
dogs to muslims hai pakistan jaise jo sirf terrorism janta hai aur kuchh nahi,0
or vo bhi mujhe follow karke mere tweets ko ignore karke rt maarte mere kiye hue rts ko i hate them,0
ch t m3in th00k,1
ajay s o ramdas vill and post nawar ka nibasi hai jisne ek 6 year ki ladki rape kiya hai aur us ladki ke parents bahut ghabraye huye hai ajay ke ghar bale dhamki de rahe hai case bapas lelo nhi to ham kisi ko nhi chhodenge so ham sab gav basi ka nivedan hai ki us papi ko kadi se,0
humaare hindustan k logo ko pakistaaniyo se bdlaa chahiye jo apne hi desh me 15 saal ki ladki k saath rape kar k use jaan se maar diya gya,1
ek din v aisa nhi jata jab kisi ka rape na hua ho india has become the land of rapes twitter com aenaybogf1,1
ye q rohan k sath hai i hate yr ajeb c hai,1
bani j kya tum pase ke liye marti ho aur tume apne papa ke syalrime jitihoooo i reali hate u,1
thane me fir tk darj nhi ki jati majburi me ladki ghar jakar aatmhatya kar leti hai pta h fir kyo nhi likhi gai thi jis ladke ne rape kia,1
agreeeddddd mahesh midha hatred vesina block cheyadhu mali reply isthe reply isthundi,0
bhen ke lode mat bol,1
veer i hate you usne aaj ko ghoda bana diya uska maa kal ko kutta kaha,1
i don t talk with hate preachers because hamara kaam to mohabbat banta hai jahan nafrat ki jagah nahi hai,1
dalbandin thilismia k shikar aik masoom bachi ko o aur aik bachy ko a khoon kee zarurat hai rabta kare bolan blood bank 03327914313,0
ye asal mein ghina khan ka hi supporter hai ya ab pese mile rocky se shilpa ke fans mein divide karne ke liye divide hoga toh fan folowing kam hogi hi yahan bhi dirty mind game chal rahi and ye sab karke logon ke mind divert kar rahe jo ghina ke liye hate msgs likh rahe the,1
india ko online kaam aur vikas nahi balki medical education aur rape ke liye death sentence lana chiye,0
bhai ek kaam kar book hi publish karde 101 reasons to hate kohli,0
wo bhi rape karna sikh jayenge fir galat bat hai kaabil ki,0
kyu be halkat abhi tarek fatah par hamla hua tab tuje islamic terrorism mai dikha haramkhor sale gand me fatt gai teri,0
happy birthday sir aj mujaffar nagar me ladki ko mansh khila ke rape karne walo pe debate rakhe ye news zee ke alawa koi nahi chala raha,0
bhai srk ko koi hate kare to tumhe maza aata hai kya,0
sanjeeda vala vikas ne bhi agree kiya ki gore log screen pe itne acche nahi dikhte,0
sir gud evening aaj fir ek bache ke sath rape hua hai school main delhi plz koi aisa law ho ke rape victim ko no umerkaid sidha fansi,0
tumhe to cricket me jeetkar bhi terrorism par hi jaana hai,1
tere pure parivaar ko randi khane ka franchise de dunga,1
haha tu toh full safe player hai,0
humanity to unme nahi hai converted hai wo apni hindu ancestry se hate karte hai,0
aree maine dekha h varia fans shraddhu ko hate karte h aur varshra fans alia ko isliye,0
tu to mualla bhi hai aur rajput bhi hai teri ragon me kiska khoon hai,0
ladki rape karne k liye bani hai,0
are bhai mujhe unfollow karo i hate pakistanis,1
ajukan hate speech,0
ek choti bachi jo gita je shlok pade uss se darr gaye aur rape threats aur gali dene lag gaye tum jaise jihadi ek bacchi se hi gaand faat gayi yeh to israel ke pm hai samne aye to moot dega,0
haha tu toh full ullu ka pattha hai,0
kutta raju shriwastaw i hate that admi mene bhi dekha aaj kitna begerat admi hai zara sharam nhi ise comedy kehte hai kya kutta,1
a fir bura laga bas kal tak aankh na fod liyo live rape dekh le pakistan ka legal bhi hai ye rape obsessed chutiye,1
modi se hate karne se nahi bhala hoga,0
ch0du j0b,1
kuch din pehle ek news aya tha pakistan m ek ladka murgi ko rape karte pakda gaya tum logo ko or kuch nhi milta kya,1
aap jaisey nafrat failaney valon ki vajah se desh ki sanskirit transfer,1
that s y i hate ranveer jo aaj pta chala,1
koii school ka imtihaan nhi,0
abe bhai kya keh re ho soch to lo bhai yogi g ne kb rape kiya haa galat baat ni jo fact h vo bolo n ki kuch bhi bol doge,0
arey tu toh bolta hai main hardworking hu phir 2 baje tak sota hai,0
madarchod boss ka plan,1
i hate them jo log aapko badnami karte hai kyonke aap hamare lye ek bahat khas insaan ho,1
usee hate karnese kya hoga,0
thori sharam karo aap ki auqat nahin hafiz saeed per comment karne ki pehle bb k qatilon ko pakro dr asim ko phansi do apna ehtsab kro,0
hehe wo writing ki wjase arhi thi apni writing ko chukandar anaar aur kajar khilao take uska khoon bane,0
soover,1
kutte,1
mre ko aisi feeling aa rai hai ki 1 murder or hoga,1
haa ye sahi hai hate you se to acha hai,0
abhi to sirf bakri ka rape kiya hai agla number aapka bhi ho skta h,0
jis rajya me beti ka rape hota hai wahan asmaan se tatti hi giregi,1
rape to fan aur dz ka hua hai,0
up me dikha raha mp rajasthan jharkhand ke rape aur haryana ke cm ki badjubani ko bhi twitte kariye,0
kyuki hum har religion ki acchai ki kadr or burayi ki khilafat karte h taj agar desh ki shaan h to hum ise maante h tumhare jaisa nhi ki dusre religion ki ladkoyo se rape karo unke mandir todo or fir kaho we are peaceful thoo h tumhare jaise jaahilo pe,1
bhai ye log ye nara apni bahano ka rape karne me istemal karte h bas,0
history main likha jayega 11 logon ne 120 crore ka rape kiya vo b aik sath,1
ha ha abhi kisko dekh rhe ho sanatan rashtra ke shudra ji tumhari drama baji ka samaye poora ho gya ye 200 varsh purani kathaye sunakar vartman me dalito ki hatyaye aor rape krne ka logic dekar tumko shram nhi aati,1
ch t y c0mp,1
pic kuch nahi bol rahi h yeh hamare thought bol rahe h ki hum islam religion se hate karate h,1
desh me kitna hatred felaoge sir ji,0
aik baat tay hai india ka media jitni hatred dikhata hai pakistani media nahin dikhata game hai game ki tarah lo,0
bhai tu toh abhi bhi pocket money se guzaara karta hai,0
bhai tu toh free mein bhi nahi aayega,0
bomb banane or terrorism failane ke alawa sab pata hai,0
tu toh sabka bhai hai yaar,0
i hate girls bolne vale londe vohi hote hai jo sale youtube par jaakr how to impress girls jaisi bakchod videos dekhte hai,0
bachichod,1
maa chuda,1
i hate this word ek waqt tha jab mai is word ko sunne ke liye trash rahi thi but ab ghin aati hai is word se,0
i hate lopa tameez hie nahi uski mom ko cancer hai khud ko shamjte kaya bani ko always kuch na kuch bholte hai batmeez girl,1
hate kisi say bhi nahi tha sab say pyar tha wo bhi bht zyada and ab nafrat hai apnay aap say isi wajah say k q tha aisa,1
go drink cow urine tum log isi qabil ho or apni maa behen ka rape karo dont foget 1965 ma lahore nashta karny ay thy phr kesy bhagy thy,1
petty crime eradicate hota nahi aur terrorism khatam karnay ka soch rahay hain,0
r k c0mp,1
bhai jab govt koshish kar rahi h terrorists ko ek ek kar ke allah aur promised 72 hoors ke paas bheja ja rha h tab aap jaise log hi khoon ke aansu bahate ho aur buuurhaan ka maatam manate ho aap sirf kps ke liye lip service kar sakte ho brownie points ke liye govt ko koste ho,0
maka,1
agar sarkare unhe giraftar nhi karti ti barkhast kr deni chahir sarkare ye sb kuchh netao mantriyo ke support se sarkare mil kar kr rhi h we hate karni sena,1
hp m hue chote bacche se gang rape ko koi bhi bda news channel cover nhi kr rha h inhe sirf dalit muslims case he nazar aate h pic twitter com 9vh5smacbu,1
tu toh har cheez ka answer deta hai,0
you re such a loser yaar,1
tu toh bolta hai mercury retrograde ki wajah se late hu,0
teri behen ke boobs pe amul doodh daal ke piyunga,1
bharat mata ka rape hogya,0
vaise tum mam ke haters ko hate continue karne ko kyun keh rhi ho inhe to koi haq hi nhi hai shirley mam ko kuchh bolne ka agar mere bas mein hota to main shirley mam ko hate karne waalon ka social network se naam aur nishaan hi mita deta,0
iss rascal ko kisne bola ki hindus rape kerte hain tumlog ka dharam toh khulleam beizaat kerta hai aurato ko besharam,0
aisi hi taarif logo ko hitler ki bhi karni padthi,0
rapist desh ki ijjat dho the hai,0
bhai tu toh best hai mere liye,0
tu toh bolta hai main introvert hu phir 200 logon ke group mein active,0
aur tum log rape karna bandh karo joh bee cheez dekto ho usi pe lagh jate ho,0
salman don t hate hina he likes her tabhi too hina ke bina ek bhi episode pura nhi hota,0
jab rape hote h tabkyun karni_sena chup hoti h tab nari shakti n samman kyun yaad nhi_aata n aaj bhi hazaro mahillae haryana n rajasthan up m harasment ka n rape ka sikhar hori_h apna gussa wahan dikhao_to jyada khushi milegi mjhe,1
isko kehte hain bund phar jawab beta baap ke saath panga nahi bc shaklen dekho inke chutiay ki rape zara aurat lag raha hai,0
navin now we hate u most kaise insan ho tumhe sharam aani chahiye rohan ke samne khade rehne ki aukat nahi hai,0
inka kahne ka matlab hai inki age in days 15 baar inka rape hua hai lol,0
behen ka loda,1
i hate sapna yaar coz khud ko toh chalana aati nae aur hum agar tez chalaenge toh tokna shru dheere se chalao,1
kya hota ja raha hai hum logo kya rape krne wale insaan nahi hote disgusting,0
tab batana 21v sadi ar 20v sadi m antar aur haan jo rape ki ghtnaye ho rahi hai to tumhra kun ku thanda pada h ya rasta deekh rahe ho jb apna ghr jalega tb dekhrnge peso ki bhuk me tum jese log nange ho sakte hai rajput samman ke liye jaan dete h,1
jab se surgical strike ki hai na tumhre mujahid ki gand se khoon niklta hi india k bare me soch k,0
we pakhtoon hate,1
mujhe nafrat ho gyi hai twitter se,1
aaj to mantri ji ka rape ho gya,0
terrorism ka khatmy ki jang ns ky khatmy k sath hog,1
jo ek dusare ke prati dvesh ki bhawana n phailati dhr sare murder aur rape nahi hota,0
ravish sachcha suchcha journalist hai aur bjp ko sachche imaandaari aur budhdhijeevi intelligent aur achhe logon se nafrat hai extra ordinary loud voice aur zehreele shabd istemaal karenge har waqt gussie me rahenge ye kya sanskaar larisa culture hai bure log buri soc,0
aur samajwad ke name pe sirf yadav ko naukri mili baki ko sirf dhamki maut ya rape,0
ch0du n,1
bhai mohabbat ki zubaan seekho nafrat kuch nhi degi siwae jang aur larai k,1
aur koi bolo mauka mauka pandya atleast faught jadeja ko maut aa jaye hate this game hate it,0
tu toh bolta hai main settled hu ghar maa ke paas,0
tu toh har pal enjoy karta hai,0
hahahaha is hate mai bhi pyaar hai,0
azhar ali teri maan aur bahen ka rape pakistan me howa tha kya mahajir kutay ja kar marr jaao na india me jahan ka namak tum khaatay ho haram kay,0
pearl palace jesi jaga ho jahan us city koi hate kesay ker sakta,0
tu toh bolta hai main simple hu phir branded kapde pehenta hai,0
modi dadaji i love you lavanya from dehradun i am 11 years old dadaji please aap sab kaam chor kar hum girls ke baare main kuchh kijiye dadaji roj news main dekhte hai ki rape ke baad girl ko maar diya dadaji main nahi janti ki what is rape case gande logo se bacho,0
for modi bhakts who hate jageera,0
flopa ko bhut rona hoga lik bb7 tattisha usko idea hi nai bahar kitna hate karte h usse,1
m pr0f,1
bhen ke lode drivers,1
haraam kaam say nafrat karnay wala aur halal ki tarf raghbat delanay wala naam,1
akshay imram ne teri beti ka rape kr diya kya jo tu ise deshdrohi bol rha h,0
chut ka diwana ban gaya,1
agar tum use support nahi karoge to tumhari nottanki dukan kaise chalege na i hate liberals muslims sharm kar allah ne mus bn,1
captain ko koi kuch bolega tho uska rape hoga wo bhi insane rape,1
jeet tou hum gye hai aur rahi baat terrorism ki wo ap ki motti sarkar kr rahi hai kashmir mai,0
naliya gang rape might have got blessings from mulayam choti choti galtiya ladko se ho jati hai,0
behanchod padai bhi terrorism ki karte ho,0
aur hindu ladke rape krte h kyuki nirbhaya case main hindu the,0
gf khoon peene k liye hoti hai aur apne babu ko thana thilane k liye bas,0
or ek pakistani ye bol raha hai terrorism humare yaha nahi hota,0
ye lo yrkkh ka ek aur promo de diya star plus ne matlab iss show ka har week promo aur ib ka ek bhi nahi really hate star plus,1
gul bukhari sahiba sirf hate speech ki mahir hain in ka bus nai chalta warna maryam ki bait kar lain,0
chh k1,1
janta ka palayan rape murder nahi dikha jo hua galat hai but uske liye kaun zimedar hai army ki sachai kya kch bhi jante bus trp badhao,1
and we need to stop werna sab ko nafrat hojayegi p,0
ar tag kro ki kon kon esh hyena ko munh mei haddi dalna chahta h ya laat marna arshi ki trh,0
tere baap ke sar kaat ke usse cricket ball bana dunga,1
hina se hate itni hai ki bandagi ki gandagi bhi sahi lag rai hai tumko,1
lund topi career,1
sir thoda time nikal rti act 2005 ka rape ndmc kaise kar rahi hai khud dekh lijiye ek seat par aap bhi virajmaan hai pti pic twitter com swc54pbb0e,0
jo sp k gundy atankvadhio rape master logo par police cort judjes gun kush nahi kar paai wo sab aap ki ungli kamal dubaa kar kar sakti pic twitter com xiowyovvma,1
kanchan ji 1947 punjabi kom ke saath rape hue the isse sikh aur hindu ki nazar se dekhna galat hain,0
tere baap ke sar kaat ke usse bowling ball bana dunga,1
phir rape me mp abal number par kyon sirji,0
indra dev nahi tha vishnu to tha na vrinda ka rape kyo kiya tha khud ko knowledge hai nahi aur samne valo ko bol rahe ho,0
chali hai rasm k koi na sur utha kay jiye her sochtay zahen ko aisay he khoon main nehlaya jaye ga i understood this after sabin s murder,0
bhai aap logoan ki sooch pe daya aatti hai ki aap log real terror attack to ek filmi kahani ki plot ki tarha twist bhi kar skate ho,1
tu toh bolta hai kal se gym jayenge,0
film padmavati ka virodh karne wale wo hi hai jinhone gareeb dalit phoolandevi ka rape kiya tha aaj ye film padmavati ko hindu dharm ki prathistha ka sawal bata rahe hai me inse puchna chahunga ki kya phoolandevi hindu nai thi,1
bhadoria se ye to puch lo kya vo dalit ladki nhi thi jiska 10 din tak rape kiya aur maas khilaya kyu ki vo spa ka vote bank hai isliye,0
to teri behan aur mummy jisko tune rape kiya wo log pakistan me jeans or top pehan ke ghumte hai kha,1
bubarak ho izzat dhak li abhi unki izzat bhi bacha lo jinka har do din me rape ho raha hai,0
madarchod ambitions,1
ami ekjon soldier hoye oo police khuv hate kori,1
i hate ppl wen dey call him bhai jabki vo feeling hoti hi nahi hai,0
sir mai purnea bihar ka hu yaha 1 hindu ke sath 4 muslim ne rape kr ke mar dala postmartam report v change kera diya gya hai koi kuch nhi kr raha,1
better hai sab milke kuch accha socho acchi sarkar yuva sarkar banao kuch progress karo milke jisse desh ki taraqqi ho,0
isko sirf nonmuslims ko hi hota bandook terrorism taqiya sharia azaan lekin apne pak muslim bhayi banduon k saath batcheet se hul hoti hai,0
teri maa ki chut mein firecracker daal ke happy diwali bol dunga,1
sapne me rape hua sabere case file kr di saboot kahan se laaige,0
terrorism tm log bandh kardo chutyon kashmir mai,0
up me dange loot rape gundaai jameeno per kabja karna iske alawa kya suna hai,1
endia kaa rape kar diya sarfarz 11 ney tooo kaha tha naa baap baap hota,0
india waly nafrat ko badhawa denay ka koi mauka ni choorty un gov to apni jaga un fazool channel waly bhi un ki,0
bhen ke takke pe thumka,1
aur bhai ka to khada hi nhi hota to rape kya krega poster nhi chhed lekr ghum ra h,0
mera sabse favorite singer me se thaa tu per aaj se i hate you agar boond boond se samander banta hai toh kam bhi ho sakta hai,1
up ki gov kiski h koi din nahi jata jis din rape na hota ho ladaki ka kya guzarti hogi unke ghar walo pr 1 2,0
klkah launch karne k bad mujhe star plus se jitna pyar huya tha usse kayi jyada abhi nafrat horahi hai iss channel se seriouslyhate u,1
kisi ladki k sath ye sab kar k aap kya dikhana chahate ho apni abringing,1
hate them sare marks yahin jate hain bc kisi ko kuch nahi ata,0
twitter pe hi karne ka natija sirf haye hate karna rah jata hai,0
innocent girls ke sath hi to gurmeet pitaji bankar apni betiyon ke sath rape karta tha to aise hi honeypreet ke sath kiya,0
laash ho gayi baramad let me tell you meri jaan murder weapon par hain saare aapke ungliyon ke nishaan,0
ab tak 65000 hazar civilian terrorism ka shikar ho gye hain kiya civilians ki koi aukat nhe aher kon responsible hai,0
umubi futhi uyaphapha hate those,1
bhaiya aap yogiraj k crime rape gunddagerdi k muda ko leker rod per aaeye 2019tak ka time aap aur hmara sanghars ka hai,0
pakistan sirf terrorism hi failana janta h usko rishto ki ehmiyat nahi samaj aati he isliye ek maa ko bete se gale nahi milne diya,0
i hate manu manveer i live in vashi fir bhi nhi gyi inorbit in bandaro ko dekhne,1
aaj garbo ka paisa amir gharano ko batt do i hate bjp,1
aapke paas koi kaam nahi he pura din yahi sochte ho ki hina k against kya tweet karu aaj aap kisi mitti k bane ho insaaniyat bhi nahi he aapme really muje regret hota he ki me kabhi aapka fan tha now i hate u karan aap to patel kahne k laayak bhi nahi,1
mera sawal keya proindian anchor ke khilaf aur islam n pak ke hymayat main bat kee jaey to ese hate speech kaha jae ga,1
vibhuti ji wo jhanda nikal do apne naam se bjp modi ko hate krne ke chakkar mein bhul gye ho desh ko pyar krna kya hota hai unity in diversity kya hota hai ravish hardik jaise ke fan ho lekin desh ke nahi,0
apni beti ke rape jo banigala me hoowa tha comment karo,1
bhuvan tu kabi social topic like aj kal boys ke liye koi law nai girls rape ka juta case lagti he boy pe uspar tu q koi video upload nai karta,1
rape k khilaf sirf candle march nikalny s kya rape hony band ho jayengy kya hamy apne pratinidhiyo ko yad nhi dilana chahiy ki hum mahilao n b unhy vote de kr sansad m pohochaya h to hamari suraksha ka daitav b unka h hamari ijat pr hath dalny waly darindo ko kewal jel ki saza,1
chutiya startup,1
tu toh full kanjoos hai yaar,0
kaabil ka rape jo hua uska yaadein abhi am taaza hai beechara eesliye roraha hai aur krish4 ki bhi bayenge koi na koi ab yeh direct retire hoga,0
bhadwe ke sapne,1
gaandmarau,1
teri maa ko randi bana ke uska rate card print karwa dunga,1
ek kisi gang ke hone se terrorism ka hona sidh nahi hota unlogon ka koi terrorist network nahi,0
knsa terrorism agr yeh baat ha phir toh sabse zyada hum log hain is cheez ka shikaar,1
jo hina ko hate karega vo to bichara vese hi game k bahar hai lol,0
ye sabse bas pyar karte h hate nahi pic twitter com trarikqf2a,0
sir agar rape rokana hi toh sabse accha tarika hi ki humare desh ke ladki ko khud apna raksha karna hoga ek bate batain ladki kabhi bhi,0
mujhe ludo se sirf rt khani hai i hate ludo,1
kuch bhi karlo kashmir to india main hi rahega haan pakistan zaroor tutega aur white collared terror ka bhi safaya hoga,0
bh3n ch t y,1
kahenge ye bhi fake hai,1
haan bhai rape toh nai hua aaj koi par bomb toh pahte tere pakistan mein chal bhai jab tak zinda hai twitter karle,0
jis desh ka kanoon andha ho rape jaise ghatana hoti rahegi,1
modi bhakt nalia rape ke bare me kuch kaho,0
t3ri b3hn k ch t,1
tere baap ke balls kaat ke gulli danda khelunga,1
hindutwaa bhagwaa terrorists ko bjp govt aur police ka support milta hai isliye wo musalmano ka murder kar rahe hai aur unko tirange me lipt,1
maa ki kirkiri,1
look who is talking pak main india se jyada rape hote hai miya,1
kashmir me itny log shaheed karty ho woh terrorism act ni jahil rishi kapoor khoty kabhi school be chala jata,1
i hate manu rohan ko priyanka se compare karta hai kuch bhi,1
pushpa mujhse ye aansu nahi dekhe jaate i hate tears,0
amish is maulana ko batao k kanoon kisi bhi faisley ko lagoo karne k liye zaruri hai apradh to rape bhi hai par apradhi ko sazaa dene k liye hai kanoon,0
ye tabhi hota hain jab aap phone ka samuhik rape kar do,0
yeh toh bilkul bakchodi level hai,0
islamic terrorism puri duia me ek bada problem hai aur sab jagah muslims utpat macha rahe hain,0
up me kyu muslim hi hindu betiyo ka rape karte hai kisne di unhe taaqat hindu ko kamjor bnaya aap jese logo ne,1
aur waise bhi hamne kaun sa teri behan ka rape kr diya jo tu hame rapsit bta rha hai tu saale jarur koi katwa hoga bc,0
quki jinke dil me nafrat hoti he na unki bhagwan sunta h nahi music unki kadr karta h or nafrt ho vha pyar ka to swal hi nhi,1
r g0,1
i hate this ngalusa mina nonsense inobuphuma silwe phakathi nje,1
logon ko padmavat ki fikar hai magar desh me itne rape ho rahe hain uskliye sarkar kya kr rahi hai,1
naamardo ki aukkad hai ye rape karne ki soch mard hotha tho rape hone se bachata aurath ko,1
kutt3 k h0p3s,1
prakash raj pe patthar nahi barsenge so he can speak up his mind khan surname ke saath bolke dikhate wo galati se famous hote bahut jayda to trp ke liye log us statement ka rape kar dete,0
arey tu sach mein itna bhola hai,0
tu toh bolta hai main rational hu phir taweez pehenta hai,0
chiii krk ewww i hate that ghatiyaa insaan,1
jo vi ho sc st ladkio ka rape karne bahut maza ata hai,0
party to girls kar rahi hai wo to bechara rape hone gaya hai lagta hai,0
aur aap ja kr apni 8 saal ki bahan ka rape karo jaisa apke muhammad ne kiya tha,0
kashmir se kashmiri pandito k saath rape krenge unhe mar k apni hi jagah se bhagne pr majbur kr denge,1
aaj wo hi bol rha h jisne jnu ke rasleela sanchalak kanhaiya ke army rape krti h byan ka support kita tha,1
abhey ghandu tumarahy waha bhen koh pojtay hai k chudtay hai duniya mai sab say ziada toh rape waha hotay hai loro,0
nahi koun bola i hate him,1
par 18 saal se kam ka ladka rape kare toh faasi nahi milegi,0
tu toh bilkul ghar ka sher hai,0
yeh rape wali story bahut purani hai koi nai baat kar,0
i hate ur bnking pattern garibo ki minimum balnc par unke khun ke paeso ko aap ne kata hai garibo ko loan dene me makkari karte hai aapki es kartut ki sajaa govt ko milegi jarur milegi,1
laude,1
sare terrorist jihad ka naam pahle lete hai baad me musalman meri bahen ka rape karne gaye mullo ko woh gagar muli ki tarah kat degi,1
hatred toh aap log failate hain sir jawan complain kar raha adhikariyon se aur aap ise sarkar se jod diye,0
a poori ghtana peedit ke prakran me peedita ke aour uski betio ke ko pahle mob par fone karke fir jankari hone par mana karne ke bad bhi jabran rape ka pryash kiya gaya thha ingry report bhi hai 164 ka bayan bhi coroboreted hai kai anya evidence hai bawjood iske i o ne f r pic twitter com wj6esgeyhz,0
tum bhi rape karna bhanf kardo,0
kisi ne help na ki meri rajat tum mera dard nhi mehsus kar sake tum wo ho hi nhi jise mne pyar kiya i hate u,1
rape and woman persecution ke khilaf awaz toh uthate hi hai iska matlab yeh nahi kisi aur ke khilaf awaz na uthae waise bata du film ka virodh bhi rapist aur woman s kidnaper khilji ke wajah se hi hai,0
bhai tum ne un maa se ne pucha kiya jinke beti ka rape unke aankho se samne noida mann huwa tab kya action liye tum logo ne,1
pmln itni beghert party hai k ye kal ko bhi imran khan par rape ka ilzam lagany k lye bhol sakti hai be sharm nawaz ganja,0
domada maulana apne allah ko yaad kar le jab choti si 6 sal ki bacchi ka rape karne wale ko pujane wale teri aukat hi kya,1
tere baap ko napunsak bana ke fair lovely ad mein daal dunga,1
tu toh bolta hai diet pe hu phir 3 pizza kha leta hai,0
vo isiliye coz humare yaha adhe case se jyada case fake hote hai bt vo bhi reprt hote hai apke yaha to rape case reprt hi nhi hote,0
teri ek hi prb hai bhai tu har baar aise hi baate karta hai tera rape nai hua ki tu itna dukhi ho gaya hai kesi halki baate kar raha tu,0
lagta hai inka bhi rape hua hai waha,0
akhilesh se rape ka sawal pochne pe apko bahut bura lag raha hai jaise up crime free hai aur log yu hi sawal kar rahe hain,0
9th feb ko aisa rape hoga mu dhikane layak nai rahega tu,0
aur ye jo terrorism wali baat kr rahe ho is liye kr rahe ho kyon ke ab koi jawab nhi mil raha,0
aur shanghi bhajpiye kewal tab jaagte hain jab danga karna ho rape karna ho loot machana ho ya bomb banana ho,0
sirf ulama qasoorwar nahi ab to university sai parhe likhe log terrorism mai involv nazar ate hain,1
bh3n k3 l0d3 w,1
bhai rape chal rha hai kya dikha diya ye bachon ko,1
bh3n k l,1
kulbhushan jadhav ji ki family ko lautate waqt wait karna padha coz jo service k liye appointed tha vo of k mai gaya hoga,0
tu toh sach bolta hai hamesha,0
chudwaya,1
apki baaton se nhi lagraha bhai aur mein kiun apko deshdrohi bolunga bas ab abhijeet jaise nafrat failane wale agent ke samarthan mein aaye,1
stadium tak agaye hain to ab himmat kar k apna rape bhi dekh len,0
bhains,1
dekh tere sansar ki halat kya hogai bhagwan k bachiye ko rape krha musalman pic twitter com afntgx0uig,0
asaram bapu ji per case banata hi nhi hai fir me rape ka ullekh nhi hai dr swamy,0
i hate you jadeja aapne hardik ko rin out kyu karwaya,1
ek rape ki paydaish kehta ha pakistan mazaak ha,1
kyo tarik fateh se pyar karte ho aur pakistani actor se nafrat tarik fateh se kuch gahra relation lagta hai,0
phudi,1
tum logon ne indira ko mara uske baad 84hua agar tumahra genocide aur rape karna tha to tumko 84 tak hi kyu rukhne dete hindu akal lagao na,0
bhai tu toh perfect dost perfect insaan,0
khuch daand ke kaam bhi kar leya karo desh me aaj bhi nabalik ke sath rape hote hai waha jaya karo virood karne,0
bhai tu toh full delusion ka dukaan hai,0
ya allah hitler jesa hukmaran de sdo thatta ko sharm nai roz jamah masjid ki light kharab hoti he or ye log ac room se nikulte tuk nai inko,0
abay bhosday 10 saal ki bachi ko pregnant karne say acha hai janwar he chod lou tum log bhi apne maa bheno ko ka rape choro aur janwaroon pay garmi nikalo apni shayad india ki rale rating kam ho jai,1
allah ne bhi paigambar ki beti ko rape kiya hoga,0
human shield se rape ye kaise hota hai,0
kal tak tho achi bhali virgin thi,0
suhaagchudai,1
subhash chandra bose ji bhagat singh ji azad ji real krantikari the gandhi was cunning selfish politician i hate gandhi,1
haha tu toh full buddha ban gaya,0
pehle confirm karo ke mohammad ne sach mein 8 saal ki bachchi ka rape kiya tha,0
keep rocking veere,0
chodu,1
tumhari aukat kya hai midi se chudna apnay bachon ko unse jalwana or rape karwaana lol nahi tum lul ho rip,1
so much hatred but dont worry teri aukaat uske jute chaatne ki bhi nahi hai,1
teri maa ki aankh,1
tu toh full vibe killer hai yaar,0
teri maa ko nanga karke instagram pe daal dunga,1
bhai har baar ignore karte gyr aur ye maa chudate gye ab bahut hua ab inki per day rape hoga,0
jab tak rape ki saza fansi nahi hogi tab tak kanoon ka khauf nahi hoga sakht kanoon kyon nahi ban raha hai ye bhi sochne wali baat hai,0
celeb ban jaon phr kr lena hate,1
ram ko kalpanik bolne wala aur ye kehne wala ki jo mandir jaate hai wo ladkiya chedte hai aisa kutta ab temple run khel raha hai,0
pakistani ney uae mein 1 ghair mulki larki ka rape kar diya pic twitter com glzltgkjre,0
hina ne khud shilpa ke baal kate ajj apni trun toh india dekh raha hai ek ladki dusri ladki ke baal cut kar rahi hai hate hina nd love shilp,0
teri maa ke saath manali mein honeymoon kar ke usko chod ke aaunga,1
aise sexy photo upload kar ke likhegi dekho magar pyar se to rape ki vardate nahi badhengi to or kya hoga ye photo dekh kar hi kitne logon ke man me khayal aaya hoga ke kass 1 baar mil jaye,1
ha yeh sikhata be hai ki kisi ko use mazhab se hate mat karo par koi tumko kattarpanthi se terrorize kare saho bhi mat,0
aisi chapri jaise aankein teri takle koi avla naari kuwari na chute sabka rape karde yeh teekhi najre pic twitter com vpb3qjvpeo,1
bjp wale rajyo me murder ya rape nahi hote kya up ki roti kha k up ko hi badnaam karte ho,0
youth tak pahonchne me liye zinda rahana chahiye aur zinda rahne ke liye rape nahi hona chahiye,0
bhai tu toh bilkul lazy hai yaar,0
bhai tu toh gossip queen hai,0
to kisi army wale ne rape kiya tha kya jaante ho to bolo warna bakwaas mat karo army me saare sadhu hain kisi se ghalati nahi hoti,0
bhai movie nai dekhi par sanjay leela ko jaante hai aapko agar pata hota kei ye saab raajput se nafrat kyu krte hai or ek baar nai ye apni kai filmo me raajput o ko nicha dikhane ka koi moka nai chodte to aap ye bakwaas nai krte,0
mohtarma vaham mein na rahen nuksan aap ka jyada hai hum terrorism ko khatam karna chahte hain badhana nahi,0
kyu ki fir se rape kre,0
touch se slapping tak pahunch gye subah tak rape pe pahunch jaoge,0
ye vo murge hain jab kasai ek murge ko kaatne k liye nikaalta hai tab vahi chilata hai baaki sab dekhte hain yahi haalat aaj daleep thakur jaise logon ki hai naa to ye rape kaa virodh karte hain aur naa hi padmavati jaisi film kaa,1
tu toh chhoti chhoti baat pe ro deta hai,0
tu toh bolta hai main serious relationship chahta hu phir ghost karta hai,0
padmavati ka dusra khoon sunkar kano se khoon nikalne waala aur deepika ko dekhte hi vomiting koi itni ugly kesi dikh sakti hai bhai,0
terrorism to tumhare yaha sheekhte hai woh tum logo ka kaam hai or rahi rape ki baat theek hai humare yaha rape hote hai 1 2,0
kyun ki itna hate tumko karte hain ham,0
note ban se atankwad khatm hone wala tha,0
pehle apni auraton ko rape se bachao,0
bhai tu toh reel pe dance karta hai real mein pair tut jaate hain,0
kya fayda khoon jalane se ignore kriye samay ek jaisa nhi rheta hai,0
aap log khud apni behnu ka rape kar rahe ho hamain kya sikhawoge,1
samajwadi party ka naam badlkr sharmindgi wali party rkh deni chahiye jahn aye din roj ldkiyo se rape hoti h,0
aaz k time m 80brsh m rape kar sakta hai bahut se tablets hai,0
kat ke badh anu hogi tere hate list main,0
aap mulla mulayam ka rape per bayan bhul gaye,0
dharna dalwanay ka lya jis judge na mumtaz qadri ko phansi ki saza di us ko kuch nahin or galian kis ko,0
aur unko chamcho ne gujarat ke 35 mahilao ka rape karke mms bana liye unko gujrati pelenge is saal,1
thodi hi der pehle i hate u i hate u kaha or fir usi k liye whistle bajaya luv ki hi hamesha q bali di jati he dosti k naam pr,0
tere baap ke sar kaat ke usse football bana dunga,1
arey thoda padh le bhai,0
arshi ki wajah se mere papa ko kyu hate kar re ho,0
hate chal raha hai,0
agar hamari hakoomat ko begunahon k qatal se koi farq ni prta bachon k rape se koi farq ni parta aur wo kahen k aise waqeaat hote rehte han to waqe ee lanat bhajne se b koi farq nahi parta,0
wese tau rape india me hote hain lekin oval me hum ne kar dia chadar daal do khoon nikal raha ha,0
tu toh full unemployed youth hai,0
bhai jada apekha mat karo ye log india ke liye jada kuch karte nahi agar karte to pakistan ko aid ke nam par terrorism ke liye paisa na dete,0
arey tu toh legend hai bhai,0
bhai tu toh gym join kar le,0
enhi fans ne sabhi ko srk se hate karne pe majboor kar diya,1
haha tu toh full buddha lag raha,0
aur jaha tak terrorism ki bat ha wo tum logon ne e shuru kia hua ha hamare mulk ma bhi,0
terrorism ko choro uncle apni biwi beti aur ane wali baho ki fikar karo aisa na ho kisi market auto ya metro may rape ho jye unka,0
tu toh bike pe silencer laga ke sher ban jaata hai,0
sirf musalman ki beti meri beti hy ramzan mein bijli milegi ne kaha ladke rape kar sakte hain mulayam ne kaha,0
terrorism aur traitors ko support karkay aap jaisay loge to saaray bharat ko hi khatam karna chahtay hain,1
nahi mujhe i hate u likhna tha,1
chole i hate it but kabi mere liye bi kuch dedicate kia kariye g,1
jo log apne hi minister ki nabalik betiyo k sath rape kar rahe hain unhe log kaise vote kre jail me interospection krege kuchh dino me,1
desh main dinodin badhti rape ki ghatnao par aapka niranatar maun aapki is baat par prashnachinha lagata hai sir,0
terrorism ka matlab bhee pata hai aap ka pita modi nay aps m bacho ko mara gujrat or kashmir ya kia hai shoib malik ka salo,1
m g0vt,1
mohabbat nasha hai video song hate story 4 neha kakkar tony kakkar karan wahi t series via,0
camershal onair honi chahiye aap khud sochiye kya ye hate spech nhi 3 3,0
pakistani khoon me hi locha hai,0
1706 av 1706 av modinagar bachchi ke sath rape via,0
kd kiya tum mujhe kitna hate karti ho,0
aur us ek gang ke upar bhee ilzam hai ilzam politically motivated ho saka hai islamic terrorism worldwide hai,0
pahle khud to kashmir mein terrorism band kro fir doosron ko sabaq do wo kia kahte hen dhoop chahre per thi aur aeena saaf krte rahe,0
tere abba ne kitne nikah kiye 4 se jyada behen se bhi kiye honge pak me aurte rape register nahi karti roj ki baat hai naa,1
khane k liye pase nahy kahi tere sath koi rape to nahy nahy tera kahi tatty karne gya ho or larko ne paker kar kam kar diya ho tera,0
tu toh bilkul bachelor life jee raha,0
jhantu ka future,1
kon gaon bhai ye puri duniya 72 virgins k wajah se to pareshan hai inhi k chalte to sab bomb blasts and killings,0
mujhe bhi i hate it,1
tu toh full timepass king hai,0
tere baap ko kutta bana ke uski shaadi teri behen se karwa dunga,1
bh3n k3 t p3,1
jab tak sonagacchi sahi salamat hai kabhi kisi ka rape nahi hoga bengal mein,0
teri aukaat kya hai samjhta hai,1
manveer and swami toh rape karne wale thi rohan ko bb k house na hota us rohgay ko kar chuke hote,0
andhe bhakt abhi bhi bhakti karbe mein lage hue hain same like ram ravanbaba jiske rape verdict aane baad bhu bhakt use clean bol rahe hain,0
bh3n k3 l0d3 b,1
bhandwe,1
tum haaray hum jheete is he terhan kashmir bhi har jao terrorism khud ba khud khatam hojaiga kyun k zulm sy terrorism barhta hy,0
tu toh bilkul vampire ban gaya,0
ye log kaha jate h jub ek gul ka rape hota h,1
ch t y h0 g,1
behen ke lund ka swag,1
tu toh bolta hai main dancer hu phir thumka lagate hi gir jaata hai,0
are chutiyo tumhare vidhayak kisi ka rape karte h aur bolenge mai dalit hun kyu bdnam kr rhe dalit ko,1
sir jyada sentimental mat ho jao peene ke baad jiss desh ki buniyad sirf hindu hatred pe hui ho woh kabhi nahi sudrega aap pok de do yaa phir kabootar udao jawab sirf goliyon se milega,1
itna hate kyu karte ho mujhe,0
tumhain sharam aani chaheye is brutal murder ko politicize karne pe,1
adhay loog wahan hate mail bhejtay hain,0
mujhe to dono se hi nafrat he par bjp se mujhe itni nafrat he zindagi me ise vote nhi dunga kyonki ye party vote ke laayak hi nhi he,1
sir ji gurgaon me ho rahe lagatar rape crime ko dekhte hue to aisa lagta nahi fir bhi aapko lag raha hai to aapki sarkar ko badhai,0
bhai isse srk ke liye hi hate hoga,1
bhai last wala rape,0
chahe cm hi kyu na hoo jahil jahil hota hai sanskar khoon mai hota hai,0
tu toh bilkul boring ho gaya hai,0
in blasts k dukh hai par kya delhi banaras rampur patna malda coimbatore ahmadabad bombay pune me to shabe barat mana the the log,1
cow calf ka murder karate ho,0
fauj wale bhagwan to hote nahi hai ki unse koi gunah na hoa saboot dakh lo ek ladki ko train ki bogi me khech ke rape kiya pic twitter com px36dzilpb,1
bjp haar rhi hai kyoki bjp ka leader jhhuta hai jo bolta hai vo nhi kiya aaj tak sirf nafrat hai uske dil me,1
kafi sankalpit ho aap ki kabhi bane hi na aur kabhi hate hi na poster bana ke tweet kar dene se hum thodi maan lange aapke jhoot ko saach dilute kia aur online rti bhi nahi me,0
khel mein har jeet hai janab rape jaise ghinoni harqat nahi,0
bhai alam yeh bahut chota problem hai aapko mudhe uthane chahiye jaha rape murder ho rahe twitter se bahar niklo,0
alia ki jagah shradha kabhi nahi le sakti i love cute alia i hate shradha kapoor,1
jwahar khan isliye hate karta tha shree subhash chandra bosh se pic twitter com yndpnev2nf,1
aaj nahi jeetenge aur bana lo rape jokes uske bacche ko terrorist bola ye to hoga hi,1
sir g samajhdar aadami wo hi h jo doobti nav ko chod de kaha congress me aaye filmo me kya rape karo,0
bhai tu toh full poet ban gaya hai shayari chatgpt se,0
chutiya dreams hai tere,1
jhooti rape nahi howa hai allah ka khof karo,0
ager yehi bat hai to hum har jayen gay bas har larki ka rape karna banda kar do humain haar mazoor hai,1
viru ji aapka to alag se rape ho gaya aur india ka alaag se,1
ha di mei bhi shadi ki baad hi kerahata shadi ki baad hate story bilkul pasand nahi hai muje we ve seen once na y again hate story aft shadi,1
agar aap ko rape ka khadsha hai to please 4 gawah ka intezam advance main kariye munawar hassan ka ji women s wing se khitaab,0
supreme court ka yahi doglapan desh ko le dooba hai hamesha hindu log hi kharaab hai aur jo rape kare bomb phore unse to inki phati hai,1
beef se jisko nafrat h pahle apne gharon se leather k belt aur shoes nikaal kr jala de,1
madarchod rules,1
ye hamesha denial mode pe rahenge jitna marji aaina dikha do,0
maine bhi sunatha pappu ke upar bhi rape case chalatha ushka kya hua tabhi cong ka govt tha samajhadaro ko ishara hi kafi,0
aise logo se sakht nafrat karta hu jo caste ko naam ke sath jod ke chaude hote h but real me vo piddu hote h,1
abhi tanu haldi hate it abhi go n propose pragya pls,1
yoga baad m karna pehle ye gudgaon noida delhi k rape cases ka kuch karo,0
bh0sd ph0d3ng3,1
is conversation mai wo bi ti,0
ap kalbhushan yadev jaisun ka na bhaijain terrorism khud ba khud khatm o jaey ga,0
behen ke takke wale,1
agar koi mere bharat ma ke tukre karne ki bat karega or me agar hate na karu toh me bharat ma ko kese muh dikhaoga,0
is ke tweets and replies parh k mera 1 litre khoon jal jata ha,1
teri behen ka bhosda,1
media aurpak army ko bhi hum aakele kaise goli khate rahenge mere bharat ke her jawan bhai ko unka half murder bhi nahi chahiye marane ke,0
rape say paida honay walo pehlay decide to kar ap logon ka asal baap kon hai jo paida hota hai ilzam pakistan pay ilzam laga detay ho,1
jaan kisi bacche ki jaayee ya rape income ke naam se desh mein crime kaun chala raha hai,0
terror desh ka hi nahi waran pure world kanpur dushman ha,0
edge tumhare karan mera breakup hua hai nafrat karra hu mai ab tumse kabhi yum mere idol the but ab tumhe spear maru,1
gaurilankesh ke gharwale aur leftist goons ne kerala me darzano hinduon ko mara unki betion ka rape kiys wo kya diwali manayenge niet sahikr,1
tu toh bolta hai life ek safar hai phir bike bhi nahi hai,0
pathe,1
wo development kis kaam ki women men save na ho rape murder ho rahe hai kya ek strict law nahi honi chahiye jisse criminals me der ho,0
transgender jis mulk mai safe nahi kabar ko aurton se rape hota hai kam se kam woh tou ye na hii bolay please,0
agar tujhe islam or muslims se itni nafrat hai to phir tu hindu kyoun nahi ban jata jaahil insaan u retarded shit,1
ye jo roz roz murder rap ho rahe h is desh m log chutiya samajhte h is desh ke kanoon ko,1
m c0mp,1
tu toh full bakchodi karta hai,0
bc meme bnane ke chkr mei mind ka rape kyu karwana hai,0
hitler rule hota toh desh me azam khan jaise traitors bhare pde na hote,1
cawnporiah bhai aur hamera desh mein yeh kaam aap kae parivar wale kar rahe hain sanghis and musanghis are united by riots n terrorism,1
apni maa ka rape ka shayad hi koi itna jashn manata ho dharm ke saath khoon bhi badal gaya tha lagta hai gandi naali ke keede,0
chodoonga,1
bhai tu toh dil jeet leta hai,0
arey tu toh bolta hai tension nahi leta phir raat bhar overthink karta hai,0
shabash sher,0
tu toh weekend pe bhi akela rehta hai,0
bejoy bose ka murder thodi na kiya tha,0
teri maa ke boobs kaat ke tennis ball bana dunga,1
pakistan kissing the pitch agar itna pyaar desh ko kiya hota to terrorism nahi hota tumhaare desh ne,0
fir bhi itne saare rape ho rahe hai kaha hai rajput ladkiyon k pallu k piche chupe hai kya,0
1avataar ko janam le k sari dunya ko khatam kr k nayi ek takhleek karni paregi nai tou terrorism khatam na hoga dharti se,1
tumlog kaunse wafadar kutte ho ladkiyo ka rape karte waqt wafadari desh ke liye kaha jati hai guy bail jaise tuche janwar 1 2,1
hindu babao duwara apni hi bahan betiyon ke rape ko hamare desh ke dharam ke thekedaar konse jihad ke naam se pukarege mahila kalyan jihad ya samaj kalyan jihad pleas answer,0
ise dekh kar jiska khoon na khole or wo cheepikians ko support kare to wo chutiya,0
ha ha papam manasikanga rape chesaavu ne paina nirbhaya case pettina thappu ledu,0
zardari ki misal uss tawaif ki si hai jo tawaif bun kr haram kmaye aur tawaif kehne wale par rape ka case dhonk de,1
yaha pe log apne fvrts ko support kam bani ko hate karne mei zyada zor laga thi hai,1
jhaant ke baal,1
kabhi rape case kia hai,0
iss kambakhat makhi ko poore duniya mein sirf mera hi milkshake mila tha suicide karne ko,0
i hate lopa trend vi banao yar bahut hit hogi i stand by bani,1
bh3n k3 t,1
itna stand un sab bahno ke liye lo jo acid pidit h rape pidit h unka dard samjho,1
tu toh full timepass karta hai class mein,0
kutte ki aulaad,1
tere baap ka hai india tu sirf eik hate monger hai jis ki na koi okat hai na dharm oor hater agar brotherhood se itni nafrat hai thn 1 2,0
jin ka eman bik chuka ho un ko blasts se kya faraq parta hai in ko sb pata hota hai lekin phr b khamosh,0
footage ke liye ithna gir sakthi ho hai maine kabhi nahi socha mein tume dilse respect karthi thi lekin aaj tumne ekr mai jo kiya tumne saari izath kodhi arshi hina chahathi thi tho tumari insult kar sakthi thi media lekin nahi kiya yehi farak hai tume aur hina mai hate u arshi,1
par yaha to suar jhund bana ke army pe patthar fekte hai jis jamin ka namak khate hai usi pe terrorism faila ke nirdosho ki hatya karte hai,1
delhi dehradun train mein 1seat par baithne k liye 18 murder ho jate hain,0
abe rndtv ravish kumar ke bhai ki khabar dikhaao rape waali,0
grammar nazi to vo hona chahiye na jise grammar se hi hate ho correct karne ka habbit wale ko to allied forces kehna chahiye,0
apni hee sabha ki tasveer dil hate ho,0
kamzor logon ko apne se taqatwar hr cheez terror me hi dalti hai khud ko mazboot kr cheetay,0
tu toh full problem finder hai,0
sale kardi pakistan wali wo bhi unke talwe chat kar jeete hai aur tu bhi wahi kar raha hai hate hindus spread hate dikha di,1
tere baap ka lund kaat ke usse pen bana ke love letter likhunga,1
rajasthan mein 1 nabalig ladaki ke sath rape hua hai kripaya uchit karrawai karen,0
rape band karna he to islami qanun ko apnavo,0
din ba din rape barh hain tumhari india mein sirf toilets na hone ki waja se agar paise nahin hain tou human batao hum chanda ikatha ker k bhaij dete hain suna hai tumhare mulk mein ghurbat bohat hai bhooki nangi qoum inka gandhi nanga raha kapre naseeb hai hoye bhenchod ko,0
teri behen ko nanga karke parliament ke bahar protest karwa dunga,1
i hate you flopaaaa aaj tumhara such bani layegi sab ke samne,1
aur ye vinod dua to purana modi hate aur 10jp kutta hai,1
sanbhu fir bhikari ban gaya aur usko crore pati banewale bhi bhikari ban gay kyu har ghar mein sanbhu balatakari apni bhahen ka rape kar raha hai,0
bakland,1
i hate washing dishes umuntu akathole ingane khona izokhula kube iyona ewasha izitsha,1
accha hai ek do terrorism failane wale mulk duniya se mit jayenge,0
bhai tumhari side hi hain hum log we hate gauhar and bani,0
mahila sabha national president ranjana bajpai ko pratibha ke rape case me kaam karne ke liye nikal diya gaya kaam bolta hai,0
gandu mat ban,1
aaj se j ko hate karna suru,1
sarkar banne ke bad hindu hit me ek bhi faisla jo bjp ke dwara liya gaya ho bjp ko gay gobar mandir masjid aur nafrat faila kar vot chahiye,1
ha pata hai jab 6 zihadi terror me ek cm ban jaye to baki 5 ke against jane me kootniti apnani padti hai,0
teri behen ki izaat,1
i think ka khoon koi aapiya ya feminist hi karegi,0
kaha sub ko ap ke liye samjhaya krti thi ki kaha kisi bat me a ke glt samjh liya yr kaisi fan hu yr ki sub ki bat me agyi i hate my self,1
chutia,1
ham he jeetinge tum log apni army ko khana do awam ko toilets do or apni ladies ko protection do from rape ja kar pishab pee lo faida ho ga,0
wah ji wah kash aap jaise log pakistan ki gaddi me b baith jaye to ye terrorism or border ki samasya hal ho jaye,0
tu toh bolta hai aaj productive day phir 10 reel dekhta hai,0
chudai,1
abe kuttay kanjaron patwarion thudday maar k nikale jaoge hosakta hai is baar ganja n company ko phansi hojayee salay chor,1
inki maa ka rape kr k dono randion ko kapray die baghair nikal dia tha kissi ne,0
is saale isi ke agent ko phansi pe latkana chahiye chauraahe pe pic twitter com ari7us4xjs,1
qalam o kalaam hi k zarye bandooq utai jati hay it s called hate speech,0
jaow behen jaa k pehly rape ke khilaf awaaz uthaow apny mulk phir aaky tweet karna,1
jo sochega logic ke sath ki usko hate krta hu means yes i do,0
aur tum logo nay tou indian army k naam pay balatkari suar paal rakhe hain jo sirf kashmiriyon ka rape karna jaante hai bas,1
jinki betiyon ki zindagi ujad gayi zaraa un parents se poochho unhe kya chahiye gau mata ki raksha gau mata ke liye hostel padmaavat movie ban ya apni betiyon ka rape na hona agar baat samajh me aayi to khattar ke napunsak governance pe meri narazgi asp khud samajh jaogey,1
uutni ke sath rape,0
rape ke liye rajnath singh ko tweet karo bhai delhi police lg sab daba ke baitha hai rajnath,0
lekin tum log terrorism krte raho bs films banana chor do ghatiya films aur ghatiya actors,0
stop the hate salute jigs mayuga,0
kya ham kisi incident ke hone intazaar kar rahe h,0
changa lagda tu,0
i hate that shit kabhi join nai kiya,1
kon sa pyaar ap dekhana chahte ho hamen 95000 ko shaheed kar k rape kar k kashmir ko graveyard mai tabdeel kar k an kon sai pyaar baki hai,0
muslim kafiron sa phir bhi lakh guna achy ha tumhary hindu india main her jaga rape kar rahy hai un per bat karo,0
jitni nafrat tumhare dilo me hamare liye he us se kahi jyada pyar hamare dilo me tumhare liye he hahahaha mind blowing acting krk,1
i hate calling him maulana jitna ganda islam ko is banday nay kiya utna kissie nay nahi kiya hai,0
lagta hai baba se tere kuch jada hi connection tu bhi mafi deta tha kya beti bol ke beti bolo aur phir rape karo,1
sochne ki baat hai woh ek din bhi agar pakistani zinda na rahe tou duniya se 90 terrorism khatm ho jayega,0
uncle jaani apne rashtra ka terrorism band karwao pehle kaafi zyada ho gaya hai aaj kal,0
yami ka rape hote dikhaya gya hai kaabil me kripya family wale film dekhne naa jaayein,0
kaat,1
aur jo muslim rulers ne hinhus ki hatya hindu ladies se rape kiye the uska hisab tere baap dega,0
hum up ke rape kuchh nahi bolenge waha jo gadhha bandhan hai sp se,1
mere aria me jio ka speed 50k s se jyada milta hi nahi hai aisa sambhav hi nahi hai ki bina buffering ka koi video online dekh le,0
sir beti to beti hoti hai uska umar se kya lena dena aapko sabhi rape cases k liye ye nirnay lena chahiye jab marz ek hai to medicine bhi ek honi chaahiye,0
sir ap raw ko samjha de wo pak mein kalbhoshan jese pithu bhejna band krde terrorism khud khatam hojae gi umar pachpan ki harkate bachon si,0
tere baap ko hijra bana ke baraat ka main dancer bana dunga,1
ek ate h shilpa shilpa bolne wale fir ate h vikas vikas bolne wale fir ate h hina hina bolne wale fir kuch pagal ate h shikas shikas i hate this shikas word,1
usse kya hota hai i m gujju but i hate gujjus,1
arey tu toh stairs dekh ke sad ho jaata hai,0
ghunda girdi rape gurbat bimariyan kishmiriyon p zulam yeh sub tou bharat main hai,0
gandu log band karo,1
sare desh mei aag laga ke ye bhansali bhasmasur tamasha dekh raha hei oukat bhul gaya ye ise name pesa shohrat iss desh ne diya hei warna ese janta kon thaa or aaj jese hi bada admi bana apni chotepan pe utar aya apni maa ko nacha or uska rape seen dikha,1
tumane desh ko barbad kar diya aur an has raha hai i hate u,1
afghaniyon se jaan chura lo 90 terrorism khatam ho jaegi,0
tere pakistani bhaiyon ke hisaab se pakistan ke sare murder nawaz sharif ur imran khan ke crime bhee hinduwon ke khate mein,1
india ke rules he glt hai sir chote chote baccho ka rape ho raha hai kya glti hai unke and ye sab krne waale ghum rahe bhar bcoz of rules,0
shabash mere sher,0
haha naku rohit midha hatred ravadaniki cide karanam,0
hate speech joote hi khilwati hai bhai amir liaquat bhi khyga,0
itlay waali bar dancer kabhi indian nhi ban sakti indian banne ke liye sanskar chahiye jo itlay bar waali me ho hi nhi sakta jisne aisa pappu janma jo sukanya ka rape kare ladies toilet me ghuse shame,1
kal uski behn bati rape hogi,0
chor ka bacha chor pahle baap n to ab beta be barbaad karna suru kar diya h bihar ko roj bihar k har block m loot murder kidnapping suru h,0
good yahi karte raho isse to hate story banta hai koi kahega hindu jindabad,0
ye nafrat bhara programme band karo ye islam ko badnam karne ki kodhish hay,0
kuch bolne se pehle apne country ka halat dekh lia kar jaha sab se ziada rape hota ha jaha larkiyo k liye koi izzat nhi sirf rape karte ho,0
aur rahi karni sena ki baat to kaya aap ye chahte hain jab kisi kaa rape ho to jhande nikaale karni sena k aur batayen ki hum virodh kar rahe hain karni sena kaa koi aadmi us nirbhya vaale virodh may bhi they kaya usme aap jaise log they,1
tum care karte hote toh samaj jate ke porkistan kitna zalil hai coz tum andhe bangaye ho tumhe dikhta nahi ke porkio ke vaje se har jaga terrorism phel gaya hai anpad log aur hijada desh,1
kiska rape kiya unhone,0
i don t hate india meri koi zaati dushmani thorri hi h aap se or rahi khail ki baat tou haar jeat tou khail mn hi hoti h,0
chawwal hai or zyada tar aise elite liberal cum irani supporters ik se nafrat krte hain,1
abhishar singh ne jabse is akshat ki maa behan ka rape kiya hai tabse akshat sabko mc bc bolta rahta hai muted,0
mahoday ramesh harijan bindu sharma ke sath rape kiya tha jiska court se faisala aana hai ramesh harijan ne ulta bindu ke bhai par case kiya hai ki mere ladki ko cheda hai mahrajganj police bhi ramesh se mili hai jisk uchit jach karai pic twitter com gigmkc8dlp,0
tu toh ek din bada aadmi banega,0
bomb blasts fidayin hamla kasmir mai aatankwad,0
bhai tu toh bilkul bakra ban gaya,0
ranbir ko hate mat kar baaki sabko kar,0
pakistan jeet rahi hai chalo iftari rakh lete how much i hate this,1
suddenly sabne mere andar ka veerji aur veera ke liye hate jaga diya god i hate these two with passion,1
wo tou moodi bhi apni maa ka piyar leta hain tou kashmir or gujrat k innocent logo ka khoon maaf hojaega 35 toopo ki salami bhai aapko,0
kohli out hojao abd alone is enough to score 200 chal bhag birat chutiya hate u,1
aur rahi terrorism ki ye tum khud jante hoo kon kahaan karta hai,0
rozana india mein 30 larki ka rape ho raha hai jismein sab hindu larki hai har saal 13000 larki ka rape saharam mein jo raha hai sab hindu bhabhio ka hi rape ho raha hai jisko baba kahete hai balatkar karne se suvar raam ashirwad dete hai,1
arey tu toh best hai mere liye,0
kal 2000 gujaratiyo ke khoon se apna haath rang ne wala haiwan ask apne aapko gujarat ka beta keh raha hai,0
kya roopa gangguly ke sath rooj he rape hota he,0
but chamcho ko gandagi hi pasand hai ghotala aur rape kerne wale,1
tatti,1
namastey sir me apka dhyan himachal me hue gudiya rape murder case ki aur kheenchna chahungi,0
make jalannya hate hate,0
but maine koi edit karke nai bheja bhaktgirise time mile tho kam se kam khud ke dharm ke kitaab padh lo shayad nafrat kam ho jaye,0
tera future bright hai,0
kiu kuch log chehre pr dohra chehra lekr ghumte h jese h wese kiu nhi dikhte sabke samne kuch or alag m kuch not i just hate them,1
haan or bol ye voice suit kar rahi hai tere upar apni hate jaari rakho or vote kharab karo,0
jitn chahe aap hate kijiye vikas ko as said log o ko jisme khusi mile o kare,0
madarchod boss,1
choddain gay fir toa terrorism bandh nhi aur be bharr jaega railway tracks pe aur be bharay bharay bombs maarte peerogay,0
ye log kaun hai jo roz rape killing karte hai,1
teri behen ki chut mein bulldozer ghusa dunga,1
bewakoof banakar khaayi me fek dete hai use gaali dete hai use judge karte hai use hate karte hai toh woh bacha bohat sadme me din,0
tu toh bolta hai arranged love dono chahta hai,0
chal tujhy to bar rape krny ka chance mil jata ha naw,1
jake dekh teri amma ko kahi mandir to nhi gai na warna koi baba rape karke ek aur dawload kar dega,0
sarkaar ko puchkar to ye maamle nahin hote ye to aadikaalon se hote rahe hain ye hai ki kabhi kam kabhi zyada hue hain jaise jaise social activities aur jansankhya badhti jaa rahi hai us tarah ki ghatnayein badhti jaa rahi hain rk saini bjp on rape incidents in twitter com 5ejrczxq65,1
hanipreet ko dekhkar aisa lagta hai ki baba par bhi rape ka case jhutha laga diya hai,0
bhai mast reel banaya,0
chipkali,1
gandkate,1
acha hia yar aur india walay tu bilkul na suno i hate india par kiya karo song un khe sunte ho,1
bas karo aunty aaplog ka gentle rape ho chuka hai tumhare pass kya proof hai woh dhikhau kiska b open lettwr mat dhikhau,0
haha tu toh full cartoon dekhta hai kya,0
kuch indians itne ghatiya ho chuke hain k cricket ki baat kro tu terrorism k randi rone shru krdete hain,1
tere pure parivaar ko randi khane ka manager bana dunga,1
sahi toh kahaa hain ne baas woh safeed aur kaali dadi add karna bhul gayein sampatei registere rape snooping etc etc,1
h ki,1
modi se phoocho demonetization se desh ki 375000 cr ka nuksaan ho gaya to modi ji bhaag hate hai,0
chutiya banaya mujhe,1
bum,1
iss kalute ki aukaat murder jaisi porn movie banane ki hain ek barfi kya bana li bhai ko target kar raha tha khul gaye patte,1
s th3k3d,1
bhai tu sach mein overacting karta hai,0
i hate ppl who tweet like tht zindagi jhand hai aur inhe chudaayi ki padi hai,1
haan aap hate karte raho hum ek tarfa pyaar karte rahenge dumbo,1
police k paas kisi bhi smsya ka smadhan nhi hota chahe paisa chori ho jaye smaan chori ho jaye murder ho jaye akhilesh ke jhooth,0
konje ke ya daar ko jozi yeses i hate the city,1
bapu pehle bhi hate they cong ki sarkar me aur ab sirf hathe nahi modi ne bapu ke paze per kabja kar lia,0
teri behen ko gb road ka opening dancer bana dunga,1
chutiye ka dimag,1
ya arab ka kanoon laiye q ki rape 1 bar hota h pr media aur samaj betiyon ko roj sabdon se nirvasit krte h,0
i agree whn said ab agar mujhe maa kaha toh tum apni maa ko galli dogi i hate tat arshi filth khan,1
porkistan me to hona hi nahi hai rape kyuki tumahare baap ki 1 se jyada biwi hogi waha behen se bhi shaadi karte hai isse bada rape aur kya,1
lagta hai ki 5 husbands rakhne wali draupadi bhi rape ke paida hui hai,1
haha tu toh full sensitive hai yaar,0
are nahi tag line was main khoon ke aansu royi hu kal khud ki galti or khud hi chilla rahi thi,0
bhadwe ki party,1
ha re tu to rape ka nateejah hai hee,0
arey thoda himmat dikha yaar,0
besharam bharat maa ko baap boltay ho transgender ki aulaad aaj betay ne teri maa ka rape kar diya,0
big boss show mera khoon ma ha rahaga sir agra sa hu sir kushal rajput from agra uttar pradesh sa moka please app niras nahi karuga sir,0
tu toh bakchodi mein phd kar raha hai,0
hate karte hai na tujhe,1
ja be tujhse baat hi kaun kr rha h i just hate tera ro sir aur baki mujhe kisise problem nhi h tu mujhe hate kr ya na kr main tujhe hate nhi karungi kyunki main sirf uss chashme wale tom cruise ki hater hoon aur kisiki nhi aur uska reason wo tweet tha jo usne luv k liye kia tha,0
hina apni galti manane ko tayar hi nahi hoti wo hai kya ki usko itna ghamand hai sabko bolti hai ye mera class nahi fake lady arshi bahut acchi hai is heena se i hate her,1
shat up rishooooo gabar terrorism tm logon ne shuru kiya hai hum pakistani bandh kar rhe hai idoits looser rascals,1
islam muslim se itni nafrat hai mohd rafi ki remik aur unki copy kyon karre ho shame on,0
ladkiyo ke rape ho rahe hai or aap ladkiyo k liye koi kanoon nhi bana rahe ho,1
jinki pakistan ke liye sabse zyaada services hain unhi ko sabse zyaada hate kiya jaata hai ultay log ulta mulk,0
rapist desh ki ijjat dho rhe hai,1
apki movie ka trailer share karne me darr lagta he aajkal log dekhne ke bad esa esa sunate he na khoon ke aasu rota hai dil,0
yes lala ki ek ek baat sachi hoty ha i hate imran khan,1
ek godse aur ek gandhi toh terror par suar mommad jinna hazarrooon ko islam suaristan ke marrey toh voh harami qaid azam,0
tere baap ke gaand mein burj khalifa ghusa dunga,1
tajmahal aap k samajh se bahar ki cheez hai rape karna aap ka pesha hai aap mohabbat ko nahi samjhenge,0
i hate it when people do aray aap lein na aray nae nae aap lein on dining table lao bhai mujhey bhook lag rahi hai pehley mujhey de dou,1
kbhi india walo ki soch liya kro jo ladkiyon ke rape ho rhe h usse to rok nhi skte aap aur baat krte h,0
manoj upadhay teri beti asharam rape victims hoti ya apki biwi soti aapke baapu ke saath u sure post here thanks bapu bolte sudhar jao,1
hahah bhenchood aadha pakistan terrorism ki wajah se toh bhukha mar rha hai aur tu isko job dega jaake kahi aur tu timepass kr chupe,0
tere baap ke gaand mein statue of unity ghusa ke tourism badha dunga,1
6 tons hate for those jinko monday ko chuti hoti hai aur wo subha subha uth k bethy hoty hain,1
hate toh sab se milta rahta hai yaar,0
apni hate me he ll ruin it ajeeb admi hai,1
ye tu woi bat ho gai key kal sunnly leon bhi rape ka ilzam lagana start kar dey,0
but mujhe hate q karte ho,1
mery ankon me tum saf nazar hate o,0
bani ko final tk v nehi jana chahiye i hate bani uss se jyada lopa best hai bani ghara ki irritation hai,1
teri behen ke saath train mein upper berth pe rape karunga,1
ye bharwa sir kaha se hai kashmir me innocent ko martay hain or terrorism b muslim,1
shame on shilpa kairaath ki jeeth hai ithna udd math hina task karke paisa bacahyi thi evn 3 lakh b usne jodke diya tha sharam nahi atha kisi aur ka mehnath ka paise leke gayi hai ab tho chup ho ja i hate u wen u laugh like crap,1
jis country mein cows safe aur humen ka murder free ho jhan chalti buses mein rapes hoty hon woh kya janein aurat ke izzat kesy ke jati hai,0
l nd l3 l3 b3t,1
bhi ye jail mai jayega rape case mai tera laptop or le jayega,0
ye hai bjp walo ki akal koi isko puccho iski khud ki beti ka rape hoga tab bhi yahi bayan degi kya,0
ye choro usa main rape ki tadad main shaded izafa jamhori log women ki izzat nahi karty aasma an tum khamosh kiun wo dosri bhi khamosh kiun,0
bhai tu toh full bass boosted gaane sunta hai kan phodne ke liye,0
arey thoda reality mein aa ja,0
pakhtun ko dekho aur goli maar ke bolo taliban tha sab yaqeen ker lain ge aur counter terrorism ki thapki alag milay gi heeng lagay na phatkari aur rang bhi chaukha aaye,0
blooch mie dkho kitne rape hoo rahe sabse jadya rape pak maie hei hoote hai,0
nawaz shareef pay bura waqt aya hwa hy jo tall nai sakta q k is nay ashiq e rasool mumtaz qadri ko phansi dilwai allah ka sakh azab hy is py,1
eisi bat nahi hei ek chij band ho jaye to rape lagbhag khatam ho jayege wah hei sharab ka bikna,0
1aurat ny pore twitter ko ganda kar diya koi aysha ko batye rape hota hia tu medical bhi hota hia ilzam lagya hai tu sabot bhi dy,0
ek gadhi the jinhone desh k tukde hone dia jb muslim hindu aurato ka rape kr rhe the to unko samjhya hone do jo ho rha h uska pota bi waisa,1
tu toh bolta hai main independent hu phir pocket money mangta hai,0
i hate yuvraj,1
rapistan to sirf india hai bhai tum log to apni man behan ka b rape kardete ho make toilet,1
arey tu toh sapno ka raja hai reality ka bhikhari,0
lassan,1
papa boy ka rape kiya tha yaad hai,0
g m3 n d,1
bhai tu toh date pe bhi free mein le jaayega,0
monto says piyaar se achi nafrat hai q k piyaar mai seraf kaprhe utarte hai,0
humidity ka kam tu mat kar rape hua he bhi ki ni 95 case jhut hote he fashion ban gaya he ye fasal mota kamao tum chutya media ki vajah se,0
india m kya hota h orat zaat ke sath har community m orat rape hotti h siraf muslims m nahi kiyo nahi aap is issue ko othate,0
kutt3 k p00ch,1
aur amma g itne salon se rape karwa k kya kar rahi thi usk ummidwar banne ka intzar hiiiiiii,1
sir ap kashmir wala terrorism pehlay khatam kerwa dain aurto aur bacho ko maarna terrorists ka kam hai army ka nahi,0
ajkaal to usse achcha kaha jata hai jo dr ahmed ya tarek fatah jaise mahapurusoko dil wo jaan se mante hai ye nafrat pahelane log apke guru ho sakte mera nahi mere liye vivekanand jaise sakshiat jo kahete the hindu ya muslim her indians are my brother,0
arey tu toh window shopping ka world champion hai,0
apne jasoos pakistan bhej kr terrorism ka ilzam ham pr lagata ha sharam kr,1
tu toh bolta hai aaj happy hu phir 2 minute baad sad,0
tu toh daily new bakchodi leke aata hai,0
bibi ko hate pasand hai,0
sahi bolte hai hum jab ram rahim asaram rampal ko dekha tha to bhi akal nahi aati inko ghar me maa baap saas sasur ki seva nahi kar sakti or baba ke per dabane chali jati hai to kya inki puja karege rape hi hoge,0
lund le apne sapno ka,1
tum konsa ka statement de rahe ho tum bhi to jhut bol rahe ho rapist gurmeet k sabhi rape me bhagidar hai,0
s k n3,1
ye midia bale yogi or modi ke gungate rhate hate hai up mai dalito par ho rha ateyachar nahi dhikhata kya,1
yeh toh pura script likha hua lag raha,0
only thing i hate about is that ki baarish main pakode khaane kaa bahut maan karta hai,0
allahabad hate h to tapas kar diya jata h koyi na koyi kami nikal kar,0
lagao jhute shivraj mai i hate mama,0
party on bhai,0
chipkili,1
ye kabhi jat pat se upper nhi uth payenge inke khoon m hai ye dumb worker,1
socho tableeli ki kb tak hum bhutto k name pe muhtrma k name pe vote dete rahe gaiy aor ye choor loog hmare khoon passinay ki kamai khate ha,0
teri maa ko burkha utarwa ke miss india banwa dunga,1
arey yaar thoda toh trust kar,0
tu toh full attitude dikha raha hai,0
ghumo gareeb desh ke gareeb logo ke khoon pasine ke tax se,1
nahi pini hai murkh pappu ke saath coffee mufat me air ke aane jaane ke saath bhi because i hate him,1
oh kayi seniko ke sahid hone per modi bachhe marne per yogi nabaliko se rape per khatter se bola must go,0
gasp hate speech garon hate speech,0
lo bhai kar diya proof pk ka bho da khol diya,0
aman ke asha jo pak ke bunyadi asol ke khilaf two nation ideology he es pr hamid mir bat kare to ye hate speech nazar nahen,1
tu toh dil se dil tak jaata hai,0
kiun kaan sy khoon nikalwaany ka shoq hai and where do u live lol,0
saudi nawaz govt ne ai subha 3 shia jawanon ko phansi dydi mulk bhr me ehtejaj shehr bund shahrahen bund alay saud k k khelaf nary,0
bhai tu toh full shy type hai,0
yeh baap ka rape kesa lag raha hai rishi kapooray pic twitter com ndkkprvelq,0
i love you for this tweet i hate that ridiculous bani ek task to kar nahi pai aaj tak bas ande or tatto k siwa kuch nahi hai,1
jab jnu se itni nafrat hai to jnu me padh hi kyun rahe ho aur to aur apne twitter handle me bhi jnu ka prayog kr rahe ho,1
arey thoda kaam kar le yaar,0
teri gaand faad dunga,1
aisa hi raha to recharge samapt hone ke baad jio chor kar kisi aur me chale jayege,0
don t hate them kabi kabi khush b karte h ye,0
ye maa beti hamesha he ishwari ko bachate he aur khud he phas hate he,1
baap nay bharat mata ka rape kar diya,1
ye jhut bhi bol sakta hai bjp rss ka banda danga karwane ke liye so sahi se jach karo ye rape ki dhamki dene wala bjp ka hi banda tha pic twitter com gzul6cbcps,0
har election ke pahiley janta ke samne kuch tukde fenk diye hate hain,0
cpec banane ke liye pakistan world terrorism corridor pehle band karo gadhe kashmir ka sapna dekh rahe hai,1
charsi ke khoon mein itni power hoti hai ke,0
trophy nhi apne desh ke terrorism ko roko,0
bhai tu toh time pe kabhi nahi aata,0
panday ziada hate speech to geo per hoti hai jahan tum paison ki khatr beathy howay ho amir liaquat ajkul tumri beand beja rha hai na,0
mahi tu kutte ka baccha nikla kya yarr maa kasam just hate u bhen ke laude teri maa ki bhosdike,1
jo trains pakistan se aa rahi thi separation ke time pe usme hatyaye aur rape kyun hue jinahne bola tha kya,1
kasur punjab me rape cases me jali police muqablon me masom nojwanon ko maarna idher be koi bolay ga,0
toh tu mahabharat q padh raha hain quran padh allah chilla aur maar de hum logo ko aur rapist jesa 9 sal ki ladkiyo se rape kar,1
tu toh full romeo hai message seen karke ignore karta hai,0
ms dhoni ke khoon mein hi captaincy hai saahab,0
he is right akhilesh u p may gundo ka palka kutha hai jo koi karwai nai kartha gundo par u p no1 state in muders rape,1
tere baap ka lund kaat ke usse usb bana dunga,1
bhai tu toh bilkul high ho gaya,0
l nd chaba ja,1
bhai filmi duniya me hi raho why u hate modi so much,0
arey tu toh laundry ka dushman hai mahine mein ek baar dhulta hai,0
tere baap ke balls kaat ke popcorn machine mein daal dunga,1
nhi jayenge aur rahi baat tyagi ki uski to vaat lagni wali hai always hate u,1
bhadwa ban gaya,1
abe bjp wale neechtai ki hadd par kar chuke hai isi k liye jasoosi rape bhadwa giri,1
kya faltu bayaan hai bengal sabhi ka rape hota hai kya inn politicians ko sharm aani chaiye,1
rape karnewale koi aur nahi roopa k paapi bhai hai she send them cheap woman aurat,1
tu toh andrew tate ke video dekh ke sher ban jaata hai,0
sahee bolay ho kal pakistani ka rape hoga,0
ak ne army pr sawal uthaya ya ni pr us video ki zarurat ni thi ak bhi galat,1
teri behen ke saath local train ke general dabbe mein pelunga,1
arey tu toh life mein full entertaining hai seriously,0
ab khtaam hogaya tum mat larna mujh sy please i hate phaday bazi,1
good vibes only,0
bhai tu toh bilkul boring ho gaya hai,0
kisi producer ne isko agar show diya to unki bohot bari galti hogi bcoz isne logo ka itna nafrat gain kiya hai ki trp zero ho jayega uss show ka,0
behen ke lund ka juice,1
tum apne maa bahno ka rape iss tar karte ho ki rape rate ki race me hume bhi piche patkte ho,0
wo gareeb awam ja k army ki god me kyu beithi hai kyu waha k terror perpetrators ka sath deti hai,0
aur tum mata ka rape ais tara karty ho jasy tumary liya race ho,0
tere baap ko eunuch bana ke dance deewane mein bhej dunga,1
abe to ye sharam ki baat he pakistan k liye vha insan safe nhi he salo tumne khud ko narak banak rkha he salo terrorism ki aulad,1
international leval pe to desh ki bhut wah wah ho rahi hai acha hai par national leval pe bhi bharastachar chori rape ho rahe hai uspe dhayaan de ye sab kanoon sakhat na hona police dwara karwai na karne ki wajah se ho raha hai,1
sapai muwaje ko le ker na bole yaad kare jab akhilesh her rape pidit ko fir aur janch ki bajay 2 laakh muwaja ki ghos a ki thi,1
bhagwan se kam bhi nahi tum safe un ki wajah se ho nahi to taliban wale rape kar rahe hote aap ka,0
dekho amit ko ktna bada bat bola sayad isko apne bhgwan k bare me nhi pta indra ne rape kiya tha bhul gye ram ki sita ka balatakr ravan kiya,1
sir jaise log rape ko bhi galat nhi mante honge,1
madrch0d police,1
dil me to blood hi hota he,0
doob,1
mujhe nafrat karne wale aapni duaoo mein toda aur assar laao kyu ki meri chahane walo ki tadad din ba din bar raha hai,0
bhai tu toh full time bakchod part time insaan,0
kya aap vijay jolly ka rape bhi dabane denge jaise bjp sab apne paap daba dete hain,0
america main har 4 mint main ek rape hota hai aur india k rapes ka to sab ko hi pata hai delhi ka kya hal hai,0
tu toh pubg khel ke sochta hai army join kar lega,0
masla janab society hai is society ki approach aur mentality ka masla hai yeh poochna ke bachoun ka rape karnay waalay kaun log hai janab woh isi society ka hissa hai aur yahan yeh normalize kiya ja chuka hai twitter com 6bungic9av,0
aur trust kabhi na kabhi aise waise tut jata h,0
teri amma ka already baba ne rape kar kiya hai,0
qandeel murder pe mujhe bhi dukh hua tha aur hai but they way she was going was condemnable yeh koi acha path nai tha,0
media ka agenda sirf nafrat failana h aur padhe likhe ho soch kr dekho agr sab kuch aisa raha to desh ka kya hoga,0
bhaijaan i don t like this post ye new year hota to theek tha but ye tyohaar hum musalmaanon ka nahi hai i hate this post please delete and allah se tauba karo,0
ek rape kar ke dikha dum hai to,0
mulayam ke ladke to rape karte hain wo choti moti galti hai,0
nahin pitaah shri bilkul bhi nahi i hate alcohol aap ko to pataa hai woh to sirf aap ko hi shair tweet kiyaa thaa,1
wahhh liked it khoon badh gaya,0
tere baap ka lund kaat ke usse bookmark bana dunga phir,1
tere baap ka lund kaat ke usse earphone bana dunga,1
100 dino mai bohat vikash kiya up ny pura hindustan dekh raha hy rape murder etc yahi hy vikas,1
jaa kay apny behan ky izaat bacha koi rape kaar raha hoga,0
arey thoda sona bhi seekh le,0
arey tu toh bilkul alag level hai,0
kya kashmiri hindu girls ka rape yaad hai 1990 muslims ne kiya tha yadav ji,0
oye pagal terrorism ko maar goli and ye jo terrorism hai ye tum logo ki pak ko badnaam karne ki chaal hai,1
yaar main bhi use hate karti hun par gaaliyan dena to uske ghatya fan s ka kaam hai please please lopa ke liye gali no,0
haathon se malo aata rape ko boldo tata,0
maybe like pyaar krne walay ka rape hojata hai zindagi azaab hojati hai,0
achcha choddo yaar tum log jeeton aur hazaaron baar jeeton sirf terrorism bandh kar do yaar mujhe haar manzoor hai u dad iztalli,0
bhul gye ya yaad dilaye india ne sirf13 days k andar pakistan ko haraya tha sabak sikho aur terrorism band karo samjhe,1
sab yahi ki thi rape kiye tum huye,0
mc,1
modi ki galti nahi hai galti hamari hai ek muslim bulata hai to sb muslim ekjut ho jate hai and ek ambedkar wadi bulata hai to sb ambedkar wadi ekjut ho jate hai lekin ye chize hinduwo me nahi hai pure india me roj kahi na kahi hinduwo ka murder ho raha hai rape ho raha hai lekin,1
aur kashmir main apni tum terrorism band karo phir hum se demand karo ok,0
i hate them jeon seokjin,0
bibi hate speech ko promote naa karo,0
madarchod system hai,1
bhadwe ka adda,1
gau rakshak kahan hai unki maata ka rape hogaya hai,0
logic chutti apni jagah hai or hate apni,0
tab bhi aadhar card banane ka riwaz tha hitler sae ayi hogi yae technology,0
bhai tu toh full hypocrite package hai,0
chutiya banata hai,1
itni nafrat failake kya fayda problem kya hai tum logon ko jiyo aur jeene do,0
arze pak markaz hai qom ki umeedon ka,0
haan 15 ek sath pure india ka rape karne ke liye,0
l0d3 p3 k ck,1
unhe marna zabdasti mazahab tabdeel kara aur rape karna hi aata hai us ke toba karli jalad ke jalad rahe aur haath se jannat na gayee,1
tu toh bolta hai main bakchod nahi hu phir 24 ghante bakchodi,0
aaj koi hate speech diya toh kal director ki pitayi,1
rajasthan ki to aesi ki tesi kr di ab up ki kr do hate,1
waah adi kaal se rape ki ghatnaye hoti arahi uai yeh bhool gaye early vedic kaal mie mahilao ko smanta ka adhikar tha jab santan dharam ki neev rakhi gayi,0
aur ap rape ki,0
apni aurton ko rape se bachao,0
dil to chahta ha hitler ki tarha tamam hods ko sammandar main lajakar kashti bumb maar da army,0
twitter has launched pandit deendayal upadhyay jyada gaali likho jyada rape threats do yojana,0
or ek baat i hate women s life hame aurat bannkar dubara janm nahi lena,1
aapne 135 crore indian ko dhokha diya agar thodi sharm h,1
tu toh glass half empty wala hai,0
are iski baat ur gadhe ki laat ek jesi h roj palti marti h iska koi bharosa nhi i hate her to much roj gand nikalti h shilpa k liye ise bas hina pasand h,1
tere bhagwi baap ki maa ka rape konse baba ne kara,0
randi kay beej dulag gayi na tere ma jati hai kya modi kay pas chudnay ya congress walon nay rape kar rkha hai jo tere machud,0
arey yr ye log apne abba huzoor k saath b aise he karte honge inhey respect karna kisi ne sikhaya he ni sirf terrorism karna sikhaya h,0
respected pm modi ji sabse pahele to crime horahe unko rokne k liye aise kanoon banaye k koi crime hi na kare rapiest ya gang rape ko sidha phhasi ki saza ho koi bhi hamdardi na ho,0
waise hi ho ga jaisa har rapist aap ki party se hota hai aur aap phir bhi rape party ko support karti hai,0
madarchod cricket team,1
ch t y3 k dr,1
han rape hoa bachi ka wo bhi maan baap ka qasoor tha din deharray jawan jahan aulad maar daali tou bhi parents ka qasoor,1
correct y log tab tho aate nhi jab kise k saath rape hota hai jab kise ladki ki insult hote hain tab kaha hote hai y log,1
arey thoda independent ban ja,0
gomata ka rape karna wala hindu nahi hai,0
l0d3 l r h,1
mut toh tu peeta h katwe sir tere baap jinhone tumhare baap dada ki jabardasti muslim banaya tha tumhari maa behen ka rape kiya tha camel ka urine dubai me tum peete ho,1
tumhare kul bhushan ne jo kia wo terrorism nahi tha kya usko phansi se bachao agr g m dum h tu,0
sir chalti train m muslim mahila ka rape ho jata hai aur rape kaun krta hai desh ka sipahi ab kaha gyi aapki tasalli,0
ek baar pakistan zaror visit karna bro lahore zaror visit karna political hate he hai hum payar karnay walay hai,0
woh to filmo wala tere bhai to actual mein rape kar rahe hain pahley apney andar jhank kar daikh phir doosron ko bol,1
ao gang rape ke paidawar land k tope aukhat mai rhe k comments kar yaha par amma ko sambhal apne,0
maine kab hate kiya rona band kro,0
ghar jalana aur rape krna idians k kaam hai hum allah ka shukar hai aisay kaam nai krtay,0
kattarta bilkul totl galt vo koi dharm ho terrorism kattarwad ka hi roop hai,1
apne baremai socha hamare army ko khaneko nehi lekin undar ghush ke surgical strike kia gidhad bhaki deke chup rahai khoon pinewale,1
aik tu may is makhee ka rape kar dunga,0
agar apna broadband launch karde to yeh kuch bhi nahi hoga uske samne i hate,0
ye jo hr jagah chher chhar rape murdr ho rahe hain inko hlke mein na lein its large scale sajish on street level,0
bibi tumhaare dada hijrat kar ke aaye the tum nahi legacy nahi hai yeh k naslon tak chale gi,0
9 yrs me rape,0
ye khud aisi hai bani ko tbhi bolti hai galat gandi aurat hate her face,1
muslamno ko mecca aur madina k nam pe cash karwata raha,0
30 saal punjab ki awam ka khoon choosnay walay sharif brothers aaj tak saverage ka nizam theak nai kar sakay,0
bihar rape kand me rahul and kyo chup h kaha h shobha ojha ranjeet ranjan n others,0
10 logon ko phansi lag jae to corruption khatam hojae gi sheikh rasheed,0
rape karte samay toh bahot mazaa aa raha hoga,0
bibi pakistan kya sirf bomb banane ke liye or bakriyo ko rape karne ke liye banaya tha 2 nation theory bhool gayi aap,0
brahma apna beti saraswati se rape kyu kiya ye kaun bataye re,0
bhai tu toh full innocent lag raha,0
apnay pita jee kulbhushan ko yaad rakhain jis nay yahan hazaron pakistanion ko mara to terrorism ap kerwaty hain yahan ankhain kholo apni,0
tamam indians chaahte hen k hum piyaar muhabbat se rahen or tum nafrat ke beej bo rahe ho shame on u,0
tu toh weekend pe bhi soya rehta hai,0
kya pta ravish ne bhi rape kiya ho hme kya pta ek hi ghar me to bade hue h dono,1
bichare ne apna opinion rakha ladkiyo ke baare me par ladkiya uska rape kar rahi hai,0
i love you kahne par bhi or i hate you kahne par bhi bura maan jate haiv,0
his hair is like more of mahi akhir khoon ka asaar ho hi gaya,1
kashmir pandito ko mara gya unki ladies ke saath rape hua kitne kasmiri pandit terrorist bane tumare jaise log support kr inka husla bnt,0
100 to kr lo yaar kyun rape ka case krwana hai,0
yr imaan ab hum ko yeah hate u hey boley gey jeejo jo mill gaye is ko badal gaye,0
ise lagata hai is zagade me log shilpa ko hate karenge isiliye baar baar muh marane aati hai shilpa sabase upar samaz le,0
jab tak na_ pak ka purna vidhhwansh nahi hoga terrorism khatam nahi hoga,0
khattar ji chief minister banay rahaygay modi ji kay khass hai unhay desh chalana nahi atta aur enhay pardash agar rape casses ko rokna hai to mujrimo ko chok main fassi do dus latkaygay to baki khud sudhar jaygay,1
sir ladki pe koi rape kare to bhi baap ki izzat jati he aur ladki apani marji se kisi ke sath rakhe to bhi baapki izzat jatihe,1
meri tl pe shadeed mohabbat ka virus phelta hua dikhai de raha tha to main ne unfollow kr diya mohabbat k thekedaar apna karobaar kisi aur ki tl pe chamkaen i hate love,1
chut ka churan bechta hai,1
allergy kafi sahi word hai hate it,0
sir gau humare liye bht imp hai pr kya humare desh ki ladkiyan nahi hai aaye din rape ho rahe hai hum kuch nahi kr rahe,0
madrch0d c,1
sahi bola ji agar ladkiyon ko iss barabari chahiye toh laathi bhi khana padega ab bas rape ko aise justify mat kar dena pic twitter com eohzb2hp7c,0
yahan sab ab fan hai isliye srk ko hate krte aur srk ko hate krte isliye aamir salman ko like krte,0
wahhh bhai mehdi pehle acha banda tha kya ye salman se hate kabse karne laga,0
tere ko pyar toh nahi ho gaya usse love hate wala,0
mood offfff hamesha aisa hota hai ya toh sid ya phir nats gosh i hate them,1
this is y i hate rohit sharma rohit ne de diya mauka,1
hate u sooooooooooooo muuuuuuuuuuchhhhhh big boss gandgi faila rkhi h bndgi punish ne unhe kuchh nhi khoge hina pr chd jaoge,1
r rona band kar,1
sanbhu laal ne apni bhahen pooja ka rape kiya tha kahi vo tum to nhi,0
esi jagah ka bh kya fayda jahan apni bat dhang se na keh paye khul ke yebh nahi bol pa rhe ap ki ye terror islamic kattarpanthiyon ka tha,0
ramji ne ayodhya pahle bhi vanwaas le liya that bjp rss ko kyu aag laga kar wahi mandir ke name par khoon bahana hai,0
love hate ke baarein mein tu hi baat kar rahi hai,0
tum raw band kr do yar terrorism band ho jye gi,0
yukh hate atay jaisay chitti larki,0
to tere hisab se rape hone ka karan choti dress hoti hai,1
koi paster rape kare toh church ko bhi band kar dena chahiye as per your logic,0
aj kal yogi aor sadhu rape kr rahe hai na osi se dahshat hogi,1
3 days 5 rape in haryana,0
haan delhites ka khoon chusane ke baad players ki bari twitter com x1132lvcoa,0
at baap se khelne ka shoq poora ho gaya,0
case kya study karna usko bada arman tah tihar jane ka rape kiya chala gaya chor tangeywala,1
acha choro apni army ko roti dou apni awaam ko toilets aur apni larkiyo ko rape sey bachao hame harr manzoor hai we want peace love,0
abe tu kya hate krega apni sakal dekh pehle fir kisi ke baareme bolna,0
chut mein mirchi,1
nafrat hoti hai un mailey larkoun se jo insta pe apne naam ke aage official lagatey hain,1
bhai haste hate gir pade the ham to maza aa gayi yaar keep it up,0
saale suar,1
han loadsheeding bhe nae ho rae aur blasts bhe bohat kam ho gye hain kuch maza nae ata ab thats why nawaz shuld go,1
salo rape k ilawah aur kiya ate hai porkies,0
acha hua k aap bahar aa gyi wrna hmari ankho s to khoon ki nadiyaan bah rhi thi u were not played well ben apne ghar m gandgi felai hai hina khan or priyank k sath milkr,0
india me to sar am movies me rape hoti hai be sharmo media se bhi pardha nahi kartay,1
gaand mara,1
m k bh0sd,1
i hate it jab samny rakhi cheez na milay matlab abhi tou men ny yahan rakhi thi zameen kha gae kya,1
bhai tu toh future bright hai,0
fat toh teri maata ki tabhi fat gayi jab teri maata ko rape karke tere ko bahar nikaala,0
bulbul ji aashiq tera hi aap ke saath kisi musalman ne kar dari ki hai kya yeh gaddari nahi hai sali rape karte hain musalman ki tokri hai,1
tu toh sabka favourite hai yaar,0
teri gaand mein keeda,1
jab kisi movie m rape ya bikni ka seen ho to aisi seen ko na dikhne k liye koi awaz tk nhi uthata sab maje le kr dekhte hain ek padmavti movie hai jis k liye karni sena jaan maal ka hani tk phuchne k liye khule aam media m dhmki de rhi hai aur sarkar khamosh hai koi action nhi,1
aur to baar baar indian agency par lapet raha hai islamic terrorism koi indian ka phenomena to nahi,0
i hate bani public kyun usse vote karti he pata nehi koi quality nehi hai mujhe lagata aap log bani jaise ho,1
bhai tu toh reel star ban gaya,0
haat may tiranga leke hate mongering horahi hai ha ha ha bengal ke dushre parts may pakistani flag leke naarebaaji horaha hai o kya hai,0
toh 10k dekar rehabilitation ke liya bhej do jaisa ki rape case hota hai india me,1
aur raha sawal terrorism ka to tum logon se ziyada to koi hai he nahi atankwad jo apne he kisano ka khoon baha rahe hain,1
woh nishant ki wajah se akkian ad ko troll karte hai incl me dm me humari grp me yahi baat hoti hai nishant hate faila raha,1
jai hate lane2,0
kaun hai eh bhai logo iska bhi rape kardo na bahut bechen hai eh mahila shayed peechlee janam ki esi icchaa hai iski bjp k time do it,0
no shame mam ek bhi maulvi batao jo dharam ke naam pe rape karta hai,0
koi baat ni glad for manveer but hate manu inko votes ki zyada zarurt hai wese b lol,0
allied bank ke bachay se nafrat hogie hai,0
aapke guru ji ke paas itni dhsn daulat hsi fir bhius parivar ko mana nahi sake jinhone in par rape ka case lagaya agar doosra kharid sakta,0
tere baap ka lund kaat ke usse straw bana dunga,1
abe chutye kya asaram asaram laga rakhkha abe yuhi deash barbad hora ek rapist ko sale guru maan lete ho aur apni beheno ka rape karwate ho,1
ko rape psand hai,0
app ji ki mehr se gareeb logo ko kapde die hate hai ji jo ki bemisal bat hai,0
arey tu toh chai peeke bhi motivational speech deta hai,0
haha tu toh full weekend waste karta hai,0
tm to 4th per ho jis ny rape karna hai india chala jaye,0
naa do huh chaheay bhi nae waise bhi i hate docs,1
chutiya traffic jam,1
gashti ki bachi hay tu woh kanjar parliament jo zainab kay rape or qatal pay na jagi wohi parliament lanat bhainy pay jag gyi or tera baap phoolon ki salamian lay raha hay helicopter say lanat tujh pay terah bap pay or tumhary supporters pay,1
it was so disrespectful i hate that raju apne season mein beizzatti karwaa kar nikla tha aur doosron par comment kar raha hai,1
bhadva,1
lavda,1
tere baap ke gaand mein bulldozer ghusa ke road bana dunga,1
bhai isko idhar chod aur nikal iska movie aane de tab dekhta hoo isko saale sab milke hate trend karre hai god bless them,1
always positive love that,0
gale dena achi bat nahi agar ye sab khatam karna hai to ko vot karo ye sab khud ba khud khatam ho jayega,0
aaj to sab mujh pr ilaaz laga rahy yar i hate twitter,1
krishna chor jo ek radha naam ki randi ka rape kiya tha aur logo ko chutiya banaya ki mein makhan chor hu,1
indira gandhi ko marne wala sikh rajiv gandhi ko marne wali tamil ki thi to terrorism ko paida karne waly palny wala khud india hai mind it,1
hate humari larki tu batman hai,0
jo khud kahta hai ki rape krna koi bada gunaah nhi hai wo kya karega,1
bas piyar sey keh dena yaar prince teri ab zarorat nahi rahi,0
judge msti se so rhe hai,0
yadav ugly tu indian tha na aur bhi proxies pakri hain humne indian terrorism ki tabhi tu mashaallah sukoon hai,0
sunny pagi ye baat toh kabhi sahi hai but un logo ko aap kya kahege ko kisi ka bhi rape krke muder kr dete haiii,1
mai apne desh rajya or gaun se bahut payar karta huan kaya aap karte hai agar ha hai to hate chanise product and love make in india,0
ek din ayega ki tumahara hi rape hoga aur jam kad rape hoga,1
acha bhai ye to batao hindus ki kya galti hai isme aur itni hate hindus se,0
north doklam pe chin ne kabja kr liya haryana me betiyon ka rape ho rha h uspe bhi dangal kr lijiye sir,0
aur ek rape in yogi raj kya saheb,1
chain say so rahay thi yeh koie jaga kay chal diya qissa mishal kay murder ka is ko suna kay chal diya,0
notebandi se terrorism khatam ho gaya,0
haha tu toh full fail ho gaya,0
criminal jo bolta hai vohi hota hai,0
saale napunsak,1
tere baap ka lund kaat ke usse pen drive bana dunga phir,1
post hi kiya hai koi murder to nhi kiya n,0
bhosdiw pakistan me ladkio ka rape ni hota bakrio ka hota hai v,0
notebandi se fake currency gayab ho gaya,0
gandu plans,1
court ne dekha isiliye abhi tak doshi nahi mana lekin media ne yahi bataya ki rape ki pushti ho gayi hai aur sabhi log uski bat man gaye,0
kutt3 k n,1
koi tiger ka khoon kar do humari nhi to kisi ki nahi,0
han naam khraab na ho kaam kharab karo rape karo rishwat lo dalali kar k desh se bhaag jao kalamad sahara adani ki randi ban k pak jao,0
khuda ne apne bando ko aman ka paigam lekar bheja hai ya rape ka lisens dekar,0
maadherchod,1
lund pe latak ja,1
condemn kr dia hai pmln leadership ne bhai mere agr vote bachane hote to mumtaz qadri ki phansi ki mukhlafat krte,0
bhai tu toh gussa hi nahi karta,0
ufff i hate him so much subah subah dekh liya ab pura dn kharab jaye ga,1
tera jahaan safe rahe,0
tu toh daily soap ka hero lag raha,0
tu toh dil ka sachcha hai,0
aapke modi ji bhi multi task wale hain na di unse bol dijiye pm hain 125 crore agar bolte hain to ussi me kisaan sc obc aur wo ladki bhi jo bus rape ka shikar hone wali hai kyunki ye wo mahan desh hai jisme har rooj 95 ladkiyon se jada k sath rape hota hai,1
bh3n k l0v3r,1
phir rishi kapoor sab se pehly aap kashmir se apni army nikalo na yaar aap khula terrorism karo or sirf blame karo pakistan par,0
hum terrorism rukh daity hai app yadve ko rok sakty ho app ki raw bhoki mar jai gee,0
t3ri b3hn k0 p3l,1
unka to confidence hi rape ho gayi,0
mohmad kesa prophet uske hi blind follower ki 6 saal ki beti ka rape kya or tum mulle aaj tak apni ma betiyo ka rape karte or karvate ho,1
rapest lol cop villain ka roll tha salman ki film me kiss hote hue nahi dikha sakte rape to dur ki baat hai,0
dhyanya hai haryana sarkar kisiko darr hi nhi kanoon ka har dusre ghante me rape hora hai koi kisiko utha ke le jara hai is it khattar sarkar or kachchar sarkar,1
haha tu toh full dj wala feel deta hai,0
kuch bhi yaar ab helly kisiko lyk bhi naa kare itna bhi hate kyun karna,0
india se terrorism ka ek saboot nhi kulbhushan ka case bhi disputed hai isliye icj ne bhi pak ki nhi suni,0
arey tu toh indian standard time ka brand ambassador hai,0
twitter par hum bhi 5 6 saal se hai kyun suspend nahi huwe hatred aur fake videos or news post karoge to suspend to honge hi,0
tu toh full overthinker hai yaar,0
i hate u bastard pandya ko out krwa diya khud toh kuchh maarte nahi jo maar raha tha use bhi out karwa diya,1
gandi,1
tu sala harami hai,1
tu toh dusron ki success nahi dekhta,0
akhilesh raaj me hatyaye aur anginat rape aur repist ko bachane wake akhiluddin se istifa maanga tha,0
pakistan ko terrorism chodne kahna thik waisa hi h jaise chirss gyal ko kahna bhai dhup me mat khada ho kala ho jayega,0
yadi mhilayen burke main safe hai to unke apne hi sage unke sath rape ku karte hain,0
but doklam me china ni aaya to rape hone do koi baat ni,0
kussi,1
vikas pyar karta hy shilpa ne hate nhi,0
rakesh ji apne aakaon ko samjhao wo apne knowledge ko desh ki unity progress ke liye use karen kab take minority se nafrat karoge,0
apni khud ki badi huyi salary ka virodh karte kyo nahi kiya vidheyak bhi pass kar diya waah shame on you nibhaya gang rape ke juvenile ko 10k ki financial help b kro waah,1
humein sirf peace aur love chahiye,0
aatak baadi tabhi hate gha jab ham aam public jokna rhe unpe kari nazar rakhe to aatak khtm ho jaaye gha,1
hahah chutiya tingutard dekh le tingu ka rape ho gaya,0
rapist ke liye prachar karta hai means rape ka prachar karta hai australia me padh kar aya u will be anpadh only,1
modi se phoocho oil kaa rate sassta hona chahiye modi ji bhaag hate hai,0
asram ko beti doge to rape to hoga hi kahte hai na aag aur koila ek sath rahega to aag lage hi,0
ye rape nahi vikash paida karne ki koshish hai chalo chalen modi k saath jab kender aur rajaye dono mein ho bjp ki sarkar tab ho pura vikash,1
one faadu question,0
he he he i hate him so much na ke dil se nikalta hai,1
imp seat h toh rape accused k liye prachar krenge hadd ho gyi arey taal dete schedule kahi or kr lete prachar,0
his tarah salman ne hiran ko nahi mara that usi tarah asaram ne rape nahi kiya tha,1
iska rape nahi hua ye to chahte he de deti he,0
arey mood bana le yaar,0
dont get angry agar modi bhakts ka ghar chalta hai by spreading hatred then let it be gareebo ka bhala hone do,0
hina khan ek murder bhi kar degi toh bolegi maine use jaan lene ke liye nahi maara aise hi goli chalakar dekh rahi thi uspe,0
ho hadapne ka tumhri aye khoon me aadat h dusri ki cheeso ko churake uspar lipa poti karke apan bana na,1
english nhi aati utni bakchodo ka khoon ho jata udhar,0
mohabbat tumse nafrat hai episode 11 via,0
desh ko khatra islami terrorism se hai 1947 ki galti sudharni hogi,0
nd hmare bhagwan ko convo me law tum ab tum ye bhi bata do tumhare tharki mohd ne 9yrs ki bacchi ayesha ka rape q kia gawar tharki mohd,0
tum kashmir aur balochistan mein terrorism band kro piece khudi aa jaye ga,0
i hate it when i lose an argument aur 1din bad yaad aata he,1
yeh koi delhi nhi jahan buson main rape hoty hain smjhaa,1
twaadi maa di jai i hate you kutti,1
tu toh bolta hai main honest hu phir jhooth bolta hai,0
bahut harami log hai bhai kisi injured ko thodi der dekh bhi liya to bolenge tried to rape her with naked eyes kitna sambhaloge,1
arey tu toh group ka official nakhrila member hai,0
rape ke aropi yusuf ko wha ki police bachane ki kosis kar rhi hai jo ki ek blatkaari hai ye kaun btayega is tweet me shi kr rhi hai,0
akhilesh yadav gang rape ke aaropi ka parchar kar rahe hain yahi hai smajwadi party,0
kutte ki jhaant,1
achha chorain na aap jeetain or achy dr se dimagh ka elag karwain ager hum terrorism karny waly hain tu kashmir mai tum kia kr rhy ho,0
bhosdi ke tatt,1
gaand mara denge,1
modi upar wale se dar bina awaj ki lathi lagegi tub akal aayegi desh ke shubhchintak awaaj uthao democracy ke rape ka,1
naa likes naa rts mar kyun nae jaaty sb,0
tu toh kabhi haar nahi manta,0
kashmir azaadi chahtah hai terrorism apne aap band ho jaye gi sir,0
booblay,1
nikal yahan se madarchod,1
teri behen ko kamathipura ka ceo bana dunga,1
tu toh badshah hai,0
tri maa ka rape kea tha pakistanio nay haram k pilloon himmat tm kutto ma hti nae aao loc py maa bhen tmki na bhagaie to khna haramzaday,1
nahi lekin pyare miyan ko insaf mill jaye ga uss ki ammi ke rape aur uss ke natije maen pyare miyan ki paidaish ka,0
waise in chuchuo ko ye to pata hai na ki nw khud bataya tha sabko ki bikas gay hai jab usne ek ladke ka hi rape kiya,0
arey tu toh weekend pe plan banata hai phir bed pe pada rehta hai,0
pehle ashram mai jo rape kar rahe hai baba log 16000 larkiyon ka unhe to bacha le,0
haha tu toh bilkul papa ban gaya,0
sutiye thand kam padi delhi rape capital hai abhi bhi,1
stop terrorism in kashmir baqi sub apnay app teekh ho jaye ga,0
teri behen ke saath oyo mein 48 ghante non stop pelunga,1
tu toh bilkul zero marks layega,0
rupa fir ye btao tumra kitna bar rape ho gya h abi tak bangal me bhi tum bhi to bangal me hi ho,0
kash koi us kisan ke ghar bhi jata jiski 5sal ki bachhi se rape karke mar diya un wamio ko sertificate de rahe the janab dogla patrakar,1
aap to antaryami nikli jai ho to ab ye bhi bta do ki kaladhan kb aayega bacchiyo ladkiyo aur aurto ka rape hona kb band hoga employment kb milega kisano ki aatmhatya band kb hongi and so on jai hind inquilaab jindabad,1
lund le le,1
arey thoda kharcha kar valentine pe,0
namma culture pathi theriyama rape geepu nammataye pesudhu nadheri,0
bhai tum log kahan se aate ho achanak movie ke baare mein itna sochna tum log kahan chale jate ho koi ladki ka rape hota hai aur usme koi action nahi hota hai aa gaye sab moh utha ke,1
ghatiya orat khi ki i hate this lady such me,1
manu ne teri maa kaa rape kiya hoga ho tu paida huwi,1
yeh deshbakt hai yeh rape nhi karte yeh mahila ka udhaar karte hai toh aap rape shabdh ko jhodke deshdroh mat karo,1
bahut hua yarr women k samman ki bat karne vale itihas ki bad me bate karo present me kitne rape hote hai tab kaha so jate hoo non sense,0
t3ri g m3in k33d3,1
delhi rape case me khud ko ati savedansheel kehne wale sabhi news channel jo insaaf ki baat krte h kya unke liye himachal dur pd gya,0
tere baap ka lund kaat ke usse flute bana ke national anthem bajwa dunga,1
itti khushi ki baat nhin hai century bna ke ja raha hai vo hate u so much mr zaman,0
gauahar k fb pe hina se kam followers hain sahi toh hai logo sach batana achha lagta hai sun na nahi koi gali toh nahi di na kuchh bewkoof aise react kar rahe hain jaise murder kar diya ho agar hina inki chaplusi karti toh achha bolte,0
rubbish ne mujhe bhi block kar rakha hai maine badaun rape par iski reporting par sawal kiya tha,1
keep it up buddy,0
famous hone ke liye kitna khoon bahana padta he tum kya jano wo bhi periods wala,0
i hate formalities bhai tum bhi insan ho main bhi,1
beta bht bonkra tha ek bat batata tujeh tu b kisi rape ki he paidawar hai salay lundian bathroom hai batain dhko lundian ki,0
jee zaroor q k punjab bhi pakistan ka part hai and terrorism se cover hua hai,0
ek bacchi jisne gita shlok mein award liya usko tere bhaiyo ne rape threat aur gandi galiya di hai youtube mein dekhle abb tere jaise chutiye hinduyo ko hidayat dega,1
ha baap baap hota hai woh india hai aur tum nazayaz aulad jo ban chuke ho khoon mein hai tumhare,0
aise report mat dimhaya kare sir khoon kholta hai ki hum hamare desh ka itihas raha hai hum hamesha jaychnd ke karan gulam bante rahe hai,0
beta jaa apni maa behno ka khayal rakh roz india mai tumharay log apni maaoun aur behno ka rape kartay hain sharam say doob mar ja,1
vote for luv tyagi aaj jo hua uske baad he deserves to stay in bb house such cruel punish and bandagi is waqt vikas ne trimmer q nhi chhinna uske haath se i hate punish bandagi vikas shilpa,1
asaram ki rape sperm ki oulad how many medical visas tum logo ny issue kiya give details tum logo nay kon sy free diyya hea chutiya,1
sir but language kya ham is desh nafrat ki or nahi le ja rahe,0
wo peecha nhi krti wo rape nhi krti wo yaktarfa mohabbat m qatal nhi krti,0
rajput ke khilaf post nhi hai ye galat soch ke khilaf hai jo supreme court ko nhi mane sena ko uksae ye desdrohi hai mgr sarkar khamosh hai agr krni sena ko fikar hai to rape hota hai uske insaaf ke lie aandolan kre naari ka samnan nhi ye apni takat dikhana chah rha hai,0
helooo hate mongrer baap baap hota hai amir to kohli,0
arey life mast hai yaar enjoy kar,0
loot maar danga fasad rape yehi vikaas hai up me kya,0
rishi g modi s kaho terrorism khatam katy,0
l nd p k3 dr3,1
personally ye hai ki ham jis kamre me rahte hain mera room partner jha ji brahaman hai aur pichhle 9 saal se saath me rahte hain ek hi bartan me khate hain aapko rohingya se nafrat kyon hai,0
jaipur police is very bad becoz 24 gante bad bhi rape ke aik bhi aaropi pakd me nhi aaya,0
tu to ekdum nalayak hai bhenchod,1
tera bap shayad tujhe bhi yese hi najaro se dekhta hoga tu to apane bap par b kisi din rape ka case laga sakti hai,1
acha uspe saal k hazaoon rape ho jate hain,0
teri maa ke saath suhaagraat mana ke triple talaq de dunga,1
modi ne kon sa promise poora kiya ab tak kitne sainik mare kitni ladki ka rape hua kitne log vaise he maar diye gaye note banddi me 140 log maare gaye in sab pe white paper tera chacha nikaalega,1
tu toh full sleepyhead hai sach mein,0
az bahram behtar too rape farsi vaghan nadarim,0
chunni,1
khurukstra panipat mai gang rape ke bad mardiya gya haryana sarkar nakam,1
sabhi jagah to media wale nafrat or jhgde to faila hi rhe hai ab logo k ghar me v suru ho gye,0
bhaiya ravish tere bhai ne eh ladki ka rape kiya wo ladki ko bhi insaaf nhi mila abhi tsk kabho prime time pe us ladki tarf se bhi bolo,1
bohat hi fazool college se sakht nafrat hai mujhe 10th ki chuttiyan wapis la do,1
sabse bada dhokha to mere naam ka istemal hai jiske bharose rajneet se juda wo khone ke dar se congress se seat baant liye matlab jati kisi bhi desh ke liye terrorism se kam nhi demonetised notes ka channel real estate alcohol fuel par gst nahi pads par hai,0
mohabbat tum se nafrat hai episode 11,0
bani ne aapke bare main kabhi bura nahi bola hain but aap nahi samjonge i hate lopa rohan but i luv kanchi rohan,0
tu toh thumbnail pe clickbait lagata hai views nahi aate,0
rabid is so old buddha makeup se buddha jawaan bantaa hai ab buddha jawaan bachi alia ko bhi nahi chodega buddhe much toh buddape aur apne karnaame ke chalte bachi alia ko toh chod deta jo bachi ko bhi fusla liya hate buddha rk hate sonam jitni age ki gf shai thi na ki bachi alia,0
ch t y b b,1
why you guy have so me hate rate for someone kuch din ka biggboss hai khatam ho jaiga pr ap logo k dil me apni jaga mat khoiye or hina jo bhi or jaha se bhi aye hai pr ap kon ho,0
hakumat khud dahshatgard hai agents ko pala hua hai lootmaar crime murder se maal banarahe hain,0
wifaq ul madaris pakistan k saddar aur sheikhul hadees molana saleemullah khan inteqal kar gaye patel hospital me zer e elaaj,0
teri maa ki gaand mein rocket daal ke spacex ko bech dunga,1
kaun sa hindu baccho ka rape karta hai chutiye,0
tu toh execution zero hai,0
i jst hate dis flopa victim ki tarah behave kar rahi he aur khud ko bada bata rahi h ghatiya aurat bani is bestest d best,1
i hate tem india,1
l nd k t0p j0b,1
biwichod,1
adha pakistan aur adha christian le gaye tumahre apne desh chod bhag gaye canada uk me bacha kya hum aur tum rape kiya kya kabhi,0
chutiye ke sapne,1
tere baap ke balls kaat ke bouncy castle bana dunga,1
sir hukmaranon ko to kya kehna army ko bhee ab recharge k liey khoon chahiye ziada aur ziada,0
oye afghanistaniyo ki najaayez aulaad apne prophet ki randi ayesha ko puch uska rape kyu kiya tha,0
randi rona start,1
ek rape iska bhi hota to samajh patti kitna bura cheez hai bjp ki leader hai paise and power se jyada matlab hai inlogo ko,1
ka order hai gayetri prajapati ko andar dalo jail mein rape mamle mein waha pe u p police kitna nikamma hai yeh gayetri prajapati,1
tu bhi zainab kay khoon or rape main brabar ka shareek hay teri baiti kay sath allah na keray kabhi aisa ho jo shaks namoos e risalat ka mujrim hay woh tera ishq hay matlab ns teray liay nabi pak say berh ker hay lanat teri paidaish pay and teray maan bap pay lanat lanat,1
budhe wahi toh madarasa me quran padhake terrorists bante h aur ham ssvm se padhke khali sickularvando ko hate karte h,0
ap k tv channels se he nafrat phelana seekha hai,1
tu toh bolta hai startup karunga phir mummy se paise mangta hai,0
i hate this word shaadi ghatiya se ghatiya photo bhejo reject hone k liye,1
kashmir rape kunan poshpora via,0
tu toh full aalsi insaan hai yaar,0
lol ab ayaan bura ho gya jab maya ne fake rape case mein phasaya to bhi maya achchi thi double standard,0
tu toh sach mein bhai hai bhai,0
jo bhale ghar mein cow amma ko khate ho per bhaher logo ko bolte ho hum to bhai sakahaari hai,0
tere jaise log terrorism phaila rahe hain oopar chaley jaa 72 hoor milengi,1
desh ko lootane wali party,1
jo bahar se aaye tum hare ancestor ko mara rape kiya forcefully convert kiya aur aaj 2017 me tum islam islam ka gana gaa rahe ho,0
aayega jab take alia ki shaadi age pass aayegi kyuki alia said 30ki hoote hi won shaadi kargi varun bhi kitna kutta hai natasha ka shaadi ka spna this alia ke saath shaadi ki baat paaki kar ki hate varun alia sid please career pe focus karo aue alia ke banner se film mat karo,1
sab hs ki wajah se i hate them,1
tu toh life ka mazaa le raha hai,0
wo picha nai krti wo rape nai karti wo yaktarfa mohabbat me qatal nai krti,0
jh k3 p ss,1
tu ek number ka ullu ka pattha hai,1
farther ka jo paisa tha yo abi tak nhi mila h jab jab allahabad hate h tab tab koyi na koyi bahana bana kar uapas kar diya j,0
jish movie ki story rape viktim girl ki ho kya ek viktim ko sexy bolna shi hai ye log simple name rakh skte the,0
aur ap logo k yahan roz hota hoga baap beti ka rape keray,0
sir aaj ka bhi terrorism mein aata hai kia,0
indian maharashtara me rape hua,0
samaj lenge woh baby rape joke ke liye andar gaya,0
tume tho akki ko hate karna hai bus kisi ko bhi baap banalo,0
kashmir pe jo indian army jo zulm kar rahi usko kia kahtay hain,1
admi acha kaam kare to b bhakto k chati pe saanp lotne lagte k ye acha kyun karra bhakto ko padwaoo to ye hate mongring lies chor dege,1
haryana pe bhi baat karlo kabhi roj rape ho rahe hai,0
iska bhaiya rape kar ke bhag gaya hai isko kuch mila nahi isliye kafa hai,0
tuu kar ke dekh le rape pata chal jayega chu a aapiye,0
muje kabhi yaqin nahi asakta tumhari baat pe k u like puneesh isliye kyun karun nafrat jb tum keh hi jhoot rahi ho,0
kashmir mai jo ho raha hai kiya wo terrorism nahi,1
ha apne behen se rape karne wala aapke ghar se zarur shamboo nikle,0
itna bhi ro ko hate mat karo yaar,0
rape ki saja se kahin ladkiyon ka rape and murder na hone lage fatafat saza aur jail zyada jarori hai,0
sir kya aise ham terrorism se ladege,0
aby randi ke bachy rape ke kaam india main hote hain rapistan india ko bolte hain,0
rangers muqable main 5 dehshat gard halak,0
pehke wale srk hote toh abtak inki maiya ka rape ho chuka hota aajkal bahoot simple hogayein hain,1
bhai tu no 1 hai,0
randwe ke tatt,1
we hate judi bola,1
tumhare jaise muslim hate ke chalte kashmir me afspa ki aad me wala rape abduction jaise crime karte ho or puri army badnam hoti hai,0
ye kya chlaa hai jab tak wo khatm nahi hote tab tak humaare desh me rape murder khatm nahi honge unhe faansi do plzzzz sir,0
achcha choddo yaar tum log jeeton aur hazaaron baar jeeton sirf terrorism bandh kar do yaar mujhe haar manzoor,0
sadi,1
tere jaise chutyo ki wajah se srk ko hate krte sab badha le hater,0
ab kaha gaye seculars bhoukne wale ye muslim terror nahi hai ekdum se khul k besharmi se ghatiyapani ho raha hai,1
dhila pappu rape dekhrahahoga rape karnahin sakta rapeka maja liyahoga sayad dhilaka bahat chahnewalonko khus karneko ye rapeki,0
bh3n k3 l nd g0,1
yhan bat hate ki horhi hai,0
tu toh bolta hai main party karunga phir 10 baje so jaata hai,0
kya qusoor hai amala ka after evan viraj suveer sunny to rape amala,0
mc kuch gundo ki vajah se tum aaj hindu bol rahe ho islamic terrorism bolne me gand phatti hai,1
ji bihar mai aapke journalist bhai ravish kumar ke bhai brijesh kumar ne dalit ladki ka rape kiya is par kuch kyu nahi bol rahi,1
teri maa ki chut mein diwali ke patakhe phod dunga,1
ye priyank kya bol raha he ye khud nahi bol raha tha shilpa ko saand jaisi body wali wow man to kar raha he iske muhn pe chappal maar k aau or ye benafsha i hate you,1
dalit ladki ka rape kiya tere bhai ne,1
logic taa k lahore b political terrorism sy nijat paaye,0
tera murder kar k saridon ko jail bhej dena h maine pic twitter com zgcuyilpp8,1
hinjda,1
nafrat ki market mein mohabbat bechate hain,0
jinke khoon mein hai desh or deshwasiyo se gadaari wo hai congress saari,0
keep killing it bro,0
inke 6month ke works dekh lijiy nafrat ho jayegi aapko inse anandpal ke liye julus aur julus me public ko khule aam patthro ki barish karna dhamkana public ke sir fodna hate all of u,1
abay loray jab tumhe apni he maa bheno ka rape kar k sharam nahi aa rozz bc kam hone k bajai 4 gunnah zayda ho rahe hain,1
yaar ab khujliwal k muffler ko dekh mujhe muffler s nafrat ho gyi hai,1
bhai humane desh main terrorism ka ek hi colour hai baaki saab public sentiments hai,0
yaar ye bas attention seeking stunt hai takeh jo hate kare wo bhi taras kha kar chor de c,0
tere baap ko kutta bana ke uski leash teri maa ko pakda dunga,1
pure punjab me is waqt rape case sab se zyada he showbaz sirf metro commisions k peeche laga hua he law and order ka pata hi nai drame baz ko,0
aur jab apny kapray utrany lagay to hate speech,0
sarm karo udhar bjp wale isi aur rape kar rahe hai to koi jawab nahi mang raha hai aur other party ke netawo la,0
red sy kyunky red tumhe meray khoon ki yaad dilay ga 3,0
congress ne deshwasiyo ka khoon choosa hai,0
bhai wo hate story ki stages hoti hn,0
gayatri prajapati jis pr rape ka aarop h ussi ka chunav prachar kr rhe the waise toh stage pr baithne ni dete pr,1
bhai tu toh bolta bahut hai karta kuch nahi,0
tu toh music on karta hai toh mood ban jaata hai,0
terrorism to tumhara kaam hai humara nahi,0
karachi k baad lahore mei bhi rangers operation hona chahyay,0
bhai parhi likhi baatain mat kiya karo inn ko samjh nahi aati haan koi loot maar karni ho kisi ka rape karna ho to inko batao,1
arey tu toh bolta hai main editor hu canva use karta hai,0
desh mein 100 rape bhagwe log matlab hindu kar rahe hai sanbhu laal regar urf suvar apni bhahen ka balatakar karta hai aur hame bol rahe ho mahila ki ijjat ka koi nhi lage raho balatakari bhagwi hindu boy,0
hitler ko uska koi dirk nahi padta janta ko gumrah karte hey aur janta bhi usko hee vote deti hey,0
baat to sahi hai bhai lekin phir rape ke case me mp no 1 kyu hai,0
damn i hate lopa mudra raut iski jaisi ghatia aurat nahi dekhi,1
ek bar fair hokr vote ni kr skte insaniyat ki hade par ho gai aaj,0
tum log terrorism band kardo balochistan mai aur pakistan kai doosray provinces mai,0
tu toh mobile se 4k video banata hai quality 480p,0
unki family mai rapists ko encourage karna mujhe doubt hotahai unke upar kehi woha rape to nehi karte,0
star plus ke dukyari jiska beech chorahy may rape ho gaya ho,0
bh3n k ch t m3 n,1
bhai aap log srk sir ko 300 cr nahi karne doge wo bechare sabke paun pakadte hai aur aap phir hate le aate ho unke liye,0
gula lai ko choro ye batao aysha ahad ka kiya bana jiska rape kia tha hamza shahbaz nay kiya ameer muqam nay usay cal q nahen ki,0
tissue du tujy ya pamperrape report to krwany ni jaa rha khi becharo ka rape ho gya ajj too,1
thank you so much bhai,0
bhai sahab pura ka pura khoon nikal lena aam janta ka kuchh nahi chhodna diesel aur petrol ke bhav 100 rs kar do,1
aapne sirf inke liye twitter khol rakha hai na bas sirf inko nahi bhoolte aap kabhi bhi aap bhi mujh jaise se hate kerte ho love them and love to block me aapko bhi sirf inki hi baate achchi lagti hai,0
very true but ishake liye bhi khoon pashine ki kamayi dene k baad bhi ghar nahi mil pata,0
behen ki laudi,1
mast plan hai bhai,0
hate kr ke dekhao ma nasan v pan deniyan p aho,0
log pehle jan lete hai aur fir jaan murder lete hai,1
run be gairet be sharem insan huo kaj rui kai shikar huo bachi kai rape ka ziker ker kai lutf mazay laitay huo shame tum par,1
sir apki fav kon hai iss seasn mai,0
bhaichod,1
kuttiya ki tarah chillati hai,1
ye video nahi hatana chahiye kyo hate jab kisi ko ye ghinauna kam karane me sharm nahi aati to kyu hate ye video,1
bh0sd w,1
tu toh group mein hoga toh kabhi bore nahi honge,0
i hate nawaz shareef magar ajj kal panama case ma ak khilaf nahi sab kay khatay khlne chaye kis k pas kaha sa paisa aya sab k liye jit ho,1
ok par dhyn na hate padhai se doctor banna hai majak nai hai samjhi,0
jhuthe rape ko bhi ye breaking news bana kar dikhate hai,1
abhi wo din aaenge jisme 11 din loud speakers ka sound kisi ko sone nahi dega lekin koi bhi muslim against nahi hai hate,1
wahi tho apne yahan thoda rape cases badhte hain aur hamein kharab lagne lagta hai,0
chut ka chakkar babu bhaiya,1
koi kisi ko asa hi hate or love nahi karta hai inka piche ek reason logic hota hai,0
baniye ka rape aur fakhar bhai ki daring,0
ye brainless bhakt h jinhone rape ko bhi hindu muslim bana dia,0
kya huva apni bhahen ka rape kar raha hai kya sanbhu ki taraha,0
tu toh full single hi reh jayega,0
behen ka yaar,1
mein aurto ka rape nahin hota hain kya,0
kabristan men boundry aur jo log zinda hain unke liye koi security nahin khulle aam murder lekin koi fir nahin think b4 vote,1
baba bhee nahi hai padhaa likhaa aadmi intellectual terrorism kar raha fizool mein,0
aise log sirf police ki maujoodgi me hi ghundagardi karne ki himmat karte hain police read protection hate hi ghayab,0
chinaal,1
aap to patthar maarne waale se bhi gatiya log ho vo kam se kam apni nafrat khul kar ke dikhate hai lakin tum to bus,1
party de bhai aaj,0
tu toh instagram ka slave ban gaya,0
sanitary napkin bhi sasti ho gayi pahan le bahut khoon fek raha tum logo ki dukan se,0
haha yaar kitna bhi gujju ko hate kar le pm to wahi rahega,0
chod,1
waqt change ho gaya h ab asli desh bhakt modi g h kya modi g ne 2 girls ko apne pass letaya or rape kiya,0
m t00t gay teri,1
acha hate speech basi,0
ab to hame bhi ji ki vado se hate hoti hai bcoze ye bolate kuchh hai nd karte kuchh hai ufff,1
arey reality check kar le,0
nahi bheji tu kiya nahi bhejty rape capital tumhara tatti tum log sahi sy nahi kar skty aur baatein idhr krty ho jao jao,0
ap kya samajhte ho hum khud apne hi country main hum khud terrorism karahe hain,1
madarchod company,1
mast hai tu yaar,0
jhaat,1
toh hote hai na fir kyo point out kar raha hai india ko jaise pakistan mein rapes hotein hi nahi hai as per un u lead us in rape rates pic twitter com 1yuqzzufzd,0
tu toh full charming hai bhai,0
tere baap ka lund kaat ke usse flute bana ke bajaungi,1
cheer he to h rape thode na kare h ese to hum galti bhi nahi kahe sakat singh,0
dhoni ko kaise hate kr skte ho yaar,0
yogi for up k slogens lage hume b laga kuch naya hoga honestly in was the happiest person to hear this ab laga up sahi mein change hoga but kya hua crime bada rape cases bade ab samjh aaya khel sirf kursi ka hai log hayen bhaad mein,1
nhi bhai ab kha hote hai ab to rape nhi vupaksh party ke log sajish krte hai,0
mohabbat tum se nafrat hai episode 11 har pal geo via,0
toothpaste mein namak ho ya na ho lekin khoon mein desh ka namak hona jaruri hai,0
bhai tu toh bolta hai main shant hu,0
bhai tu toh full walking contradiction hai,0
u r right bhai shab g jaise b j p sarkar ke under main rape murder crime am bat ho gyi hai inko bhrkast kr dena chaie ab log apko c m ke roop main dekhna chate hai,0
ch t k st,1
i hate both briyani ma sirf botii honi chaye,1
t3ri b3hn k bh0sd,1
lund topi drama,1
jo padmavat ka virodh kar rahe ha aise hi log apni bahan betiyo ko dikchit jaise baba ko saup dete rape karne ke liye aise logo ko kya kahe,0
jaanvar,1
jis desh mein annadata ka insult ho women ka rape ho who desh backward hi kahan jaata hai wheat n rice kya japan se aayega,0
aaj india ka rape ho geya,0
tu toh reel banata hai views maangta hai dua se,0
jitne sadqaat khairaat pakistan k musalman dete hain koi aur mulk nahi deta rape capital nahi hai hamara koi shehar dehshat gard pm nahi,0
bhai sab thik hain tum srk ko hate karte ho thik hai but krk ko sir bol rahe ho wtf usli 90 fake followers hain,1
even the stars align against anpadh hate mongers diwali and eid fall on the same date this year bijli ki koi problem nahin hogi modiji,0
aur phr bhe tera sasta nasha na utra ho to zara kashmire ke traf dekhe terrorism kon pehla rahe hain,0
hina ne shilpa ji ko kitna acha bola hai ki humare profession main make up lagana padta hai aapki aadat chhoot gayi hogi,0
arshi kitna bhi galt bole shilpa k liye hum sb ko pata h wo kaisi h i hate u arshi khan,1
hahah ye aap bhi seekh gayee hain i hate this word,1
poora india yahi soch raha hai bro ki jhooti ko tv industry se laye hai ki dusre planet se hate her,1
dusro se questioning karna bahut easy hotta hai mr gandhi tum ek baat batao 60saal mein congress ko youth rape ki yaad nahi aayi is desh ki asli barbaadi ki zimmevaar sirf congress hai is statement ko modi bakht samjh kar ignore mat karna answer me,0
arshi khan ko add q nai kia apni hatred mai,0
but maine suffer kar rha hoon 19yr ka ladka jo document main bhi 19yr police ki najar main adult hai hi nhi wah wah re up police aaj bhi desh jhut aur paise pe jivit hai na ki such pe i hate bjp also up police,1
m ch0d t 0n,1
tere ma ka bhosada sorry sache dil se duwa tere ghar ki aurat behen ka rape hojaye nange nach dikho or tu apne ka 20rs mein dena ka kaam karega,0
bhosdi ka plan,1
madrch0d harami,1
lol maine pura thread kiya tha wo dekha nai karma is real,0
keera,1
aur teri to army hi terrorist ki hai jo rape karte hai lootte hai chor hai,1
rapha kata lain dari rape brarti,0
nahi ji i just hate tinday karele nd e tc jo bhi bole hain,1
mad d tum jaise harami aur suwar jaise logon k wajah se aaj government manmani kar raha h aur developement k naam pe garib dalit muslim ko maara ja raha h rape ho raha har din,1
iska bhi survey kar lete mam kitna rape hua abhi tak modi raj mein 4rape ek din me hua upar survey kiya aap ke news channel ne yaa aap ne engineering kar ke banda chaprashi ki naukari ke liye line mein khada hai isper kabhi survey karo,0
jab nirbhya ka rape huwa tha to pura desh uske saath khda tha aur bijnor me rape huwa to kisi ki awaz tak nahi nikli,1
l0d3 k3 b,1
tere baap ke balls kaat ke table tennis khelunga,1
teri behen ki chut mein jcb ghusa dunga,1
knowing ki vikas kitna samjhata hai priyanka aur itch guard luv ko usne bola tha ben wali baat me ab sallu ne bhi agree kiya,0
ramdan ke mahenna may randiyein kapre phen ke a jati ha i hate all live show majan bhejte ha or yi sanam shaista noor sab bekao mal ha,1
kyu madhu apne upar bhi toh film banao ki tum kaise film mai role dene ka promise kar ke rape karte ho pahle apne gireban mai dekho,1
very true nafrat h sach aur hindu aur bhartiya culture s inhe,0
hudda ke samay me isase double rape hote the lekin us samay sonia bolti thi hai na,1
abhi main tera khoon kar doon gye bout bolte ho,1
pakistan west pakistan and bangladesh east pakistan bangladeshi logon ka murder rape kiya tikaa khan west pakistani army led by tikka,0
ho gayi siyasat logon ki jaan se sir kanun to pehle rape ka banna chahiye pehle balatkar rukni chahiye hindustan me fir gaye ki baat kr lete,0
trail jiska chal raha hai rape or murder case ka,0
kutt3 ki p00ch,1
isiliye baat baat par gali dene par as hate ho,0
haha tu toh abhi tak wahi hai,0
sahi hai bhai jaise dadri murder se intolerance poori country mein ho gaya waise hi,0
tere baap ka lund kaat ke tere muh mein daal dunga,1
phr zameer jag jata hai apni bari but dosro ka kia wo kon sa apna khoon hoti hai kash soch change ho jy hum sub ki,1
wande mataram se nafrat karne walo ko hujj subsidy lete dekha hae,1
8 12 am is manhoos ghari of my lufe yw waqt i hate it,1
aaj kal khoon rare aata hai due to unhealthy diet,0
mai to sabhi se aagrah karunga koi bhi rape ka sikayat police se na kare nahi to barbad ho jayega policewale ulta case me fasa denge,0
bach ke re tu bhai rape wape hojana h tera kisi din,1
ab kya bachcho pe bhi rape threat ke case lagwayengi ye,1
koi kaise kkhh ko hate kar sakta h maine 50 times dekhi hogi dialogue bhi yaad hai,0
chut ka pujari,1
nawaz shareef qadam barhao model town par phansi aap ka muqadar he,0
fazol tweet ki ha apne aqaawo ko khush krne warna rape b ho jaye to tests sy pata chal jata ha wo evidence k tawar use hota ha 1,0
jungli,1
yar ap rape to pehle band karo os ky bad baat karna,1
abe yaar chill kar,0
bh3n k3 l0d3 r,1
yaar i hate this weather barish krwao ajati hun,1
pata nhi sach kya hai rape accused,0
mard suwaro jaisa yea kutia jaisa bachhe paida nehin karya tumsab aur suwar mein koi fark nehin aj pura dunia hate karta hain aj rahul jaisa ek mulla patost bhi janeu lekar nikal pada hain sudhar ja nehin to shambhulala ajyega,1
morad saeed rape kewane k bad khosh gawar moud me,0
kiske rape ki aulaad hai tu pehle pata kar jake,1
bat krni aati nai aajati hai duaro ko bolne phle khud k greban me jhank k dekh khud ki chez kitna ziada bolti ap log to tameez e bhul hate ho jaise hina ne apka qatl krdia ho ufffff,0
tere baap ka lund kaat ke usse selfie stick bana dunga phir,1
is nalayak admi ashwini chaudhary se puchana chahiye ki usne rape victams ke liye kya kiya bhansali ho ya koi aur director sirf paise kamane se matlab,1
aur india ki un aurton se bhi ziyada hai jo rape victim nahin hain,0
ravish ji bade bhai rape ke saukin n bade se chhota seekta hai it s true,0
par billi se kabhi nhi i hate cat,1
bhai tu toh full superstitious hai kaala billi dekh ke ghar wapas,0
chup hojao hate nai sikaty,0
baat to aise kar raha hai jaise rape pe case nai hua aur rapist ko tumlog ke tarha muhammad aur allah bana diya wah,0
arey tu toh full red flag hai bolta hai green forest hu,0
teri behen ko sadak pe nanga karke youtube channel bana dunga,1
ye kasisi sacchai hai rss wale bomb banate hai aur media raafiya naaz ko lekar muslmano ke khilaf zaher ugalta hai kub tak aisa chalega,1
tu toh bolta hai main safe driver hu phir helmet nahi pehenta,0
allah ne logoko brain name ki cheez hi nahi diyavai agr kisiko hate karna he to puri shiddhat se karo na khudse jada unka news rakteho,1
tere nabi k tatah 9 saal ki ladki se rape nehi karta hai chutia sala abu jahl k najayaj aulade,0
to log ab 12 saal se kam ki rape ni karenge 12 saal se jyada ki karenge phasi se bach jayenge agar rape ko rokna hi h to sbhi rapist ko phasi do 12 saal se km aur jyada kya,0
madam chor do ho sakta hai kal ko apka bhe ho jiye,0
chut marwa raha future,1
sab kitna hate karte hai meri niti ko it makes me sad pic twitter com 30ilempjlf,0
vayapam ghotala karte waqt lazza nahi ayi ab nirlazta dikha rahe desh ke har meghavi chatr ke sath balatkar hai vayapam ghotala you should be booked for rape,1
arey khush reh na yaar,0
koi wakai sacha hai to rape nahi karega,0
auladheen,1
ek neta us ladki jaisa hai jo khud ke kapde faad ke rape rape chilati hai,1
ye cherte nahi seedha rape karte hai,0
raees ka rape hoke hi rahega,1
sarkaar ko puchkar to ye maamle nahin hote ye to aadikaalon se hote rahe hain ye hai ki kabhi kam kabhi zyada hue hain jaise jaise social activities aur jansankhya badhti jaa rahi hai us tarah ki ghatnayein badhti jaa rahi hain rk saini bjp on rape incidents in twitter com 5sdkycxhi3,1
saraswati ko nafrat maante hai aur hinduon se vote maangte,0
to tu poor kat ko ata hate list se,1
angreyz chalay gaye lekin pizza over biryani biryani is overrated yaar hate biryani bolnay walay keeray chorr gaye,1
shilpa ki maa bannay ki overacting maa ban ban k sab ki bitching kr re na koi task m part leti na kuch vikas ki mind gamer bannay k bad bh rkh rkh k acting pehlay priyank se itna hate aur hiten k jannay k bad foran itna pyar k uff us sb se to bht bhtr hai bhaie,1
kal to kuch aur bol re the ek baat bolo hate or love bahut confusion hota hai,0
m m,1
fateychu,1
had hain aap b kia hakomat kisi ki brain wash kr rai hai k rape kro,0
ye jitne bichari dekhti hai na utne hi chalu fake hai ki tarraha i hate her,1
kuttay ja k kar rape apni maa ka bc maa agar budhi hai toh behan ka kar salaay rapist,1
beej,1
badi ummide lagaye bethe hai apni maa ke murder ke khulase ka hamare ander bhay hai thana fatehpur sikri ke imlaoda gaon ki daqeti murder ka,0
bachachod,1
tu toh full nautanki kar raha hai,0
ne jo dalit gang rape kiya tha khangressi mil ke kahi aap to ______ sorry aap jaise hi gande vichar ate hai,0
beti bachoo naaro do phir rape kro maar do phir media me aake bolu betioo ko ghr se bahar nhi nikalna chahiye,1
jab hitler bhi calender bana ke na bach paaya to ye feku kya chiz hai bas suspense ye hai iska end kaisa honga pic twitter com avnq8f7ghd,0
tu toh subah 12 baje uth ta hai,0
sambit jo gujrat me or mp me rape ho rahe h un pur kyo chup ho itna ghamand na kero janta sab janti h,1
arey tu toh bolta hai main mature hu phir cartoon dekhta hai,0
tum loug ke pass hate curse ka time kaha se aata hai to yai nahi sikhati,0
chullugand,1
ya to apni beheno ka rape karoge ya shaadi kar ke chodoge par chahiye apni behen he,1
good vibes bhai,0
jhanten,1
rape karoge bigdi beti hai to ye seekh hai nagpur se app logo ko,0
vartman ko bachana utna hi zaroori hai jitna ki itihas ko to fir kyu koi sawal nahi karta jab har saal sekdo auraton ko jauhar karna padta hai khud ko rape se bachane ke lie aaj bhi sekdo auraten suicide karti hai,0
tu toh bolta hai ghar best hai,0
hum ne ko nai ko haraya hai alhumdolillah,0
tu apni maa aur behan ki gand sambhal suna hai rape boht sasta hai india me kahin koi teri maa aur behen ke gand ka rape na kare koi,0
bs kr de taao hate speech ki,1
saheb 60 sal kyabhutta bun rahe tha or kabhi cort nahi gaye ho pahle pata karo rape ke 95 case forge hote he tum jaise media kanon banwaya,0
jali ko aag kehte hai buji ko rakh kehte hai jo apni maa bhahen ka rape kare aur rape karway use bhagwi hindutva kehte hai,0
i hate ur haters,1
is horn ki awaz se to hate gi indians ki bro,0
njab hindu terrorism ki khabar aaye to ankh awr kaan band kar lena jayse 11 bharat mata k log pakistan mata ki,0
tumhe jatiwadi rajniti karte sharma nahi aati ek din tumhara wajood khatma ho jayega aur aur public tumse hate karegi,1
tu toh bolta hai bada ho gaya hu,0
aur wo jo 2 sal pehle rape hua uska molestation ka chori hui uska pic twitter com cvpvrmvq1d,0
ik wo larki hey jis ka pehlay villain rape kerta hey phir police wala phir judge aur phir us ka business chal parta hey,1
film ka virodh to theek hai humare gaurav par aaghat karne walon ko uttar milna chahiye lekin ye gangrape aur childrape par humari chetna kahan ja rahi aise logon ko phansi ho aur inke pariwaron ka samajik bahiskar in dono aparadhon ka koi justification nahi,1
nahi bhai wo nahi hai i hate mallu one,1
tu toh bolta hai main budget pe hu phir iphone 16 le aata hai,0
rape krne wala agar 14 ya 14 se zyada hai to islami kanoon q nhi,0
i so hate our fakn media kya zaroorat hy yai takra ke apni aukat dekha rahy hota hy indians aur inko zaroor chawal bana hota hy,1
soower,1
bhai gussa hone ki baat nhi h isme m bhi fan tha 2015 me mere sath ka sara group ab hate karta h kejriwal se kyo ki wo pahle imandar tha lekin ab halat dekho prashant yogi visvas 10 saalo ke sathi se acha gupta lag rhe h unko,1
india is 2nd in the world for terrorism so aap ke munh se yeh baat juchti nahi sirf gaye ka goubar hi juchtaa hey tumhary munh me,1
tum log jeeton aur hazaaron baar jeeton sirf molestation rape bandh kar do yaar mujhe haar manzoor hai we want female protection,0
bhosdike aaja,1
yogi g kuch toh bolo itne rape up ho rahe kya yahin vikas hai,0
bhosdi k yeh india nahi hai jo chodo aur 10 rupay de k chhoot hai agar waha police ki koi auqaat hoti tou saal ka lakh rape nahi hota,1
ya unka rape krke bhaag gye ho sant bnne ke liye,0
tu toh cheezein bhool ke aata hai,0
defend unko karte h jinhone kuch kiya ho ik ik lopa fans hate bani as if inke ghar se ptanhi kitna chura kar gyi h,0
baajer,1
bhai tu toh bilkul tension free hai,0
aaj jo kiya h na reality show ne i hate him for my life disgusting kaise koi itna gir skta h apne faide ke liye saari hade paar kr di,1
namo ji betiyon ko rape se bachao rapist ko sajaye maut kya hoga aap ke raaj me,1
naam mein terror likha hai tu kaun se dharam ki paidaish hain pata chalta hai,0
bhosdike tu kya ukhaad lega,1
tum kaun hotay humay terrorism ka kehne walay apne agent ko maan nay se inkaar krdiya hai tmne aur humay baatain sunatay ho,0
gabbar aaj meine basanti ko nahate waqt dekha,0
bhai tu hain kon use hate karne wala,0
tere baap ke gaand mein rocket daal ke chandrayaan 4 launch karunga,1
tu toh bolta hai main punctual hu phir hamesha late,0
isse pyr hogaya kya suvr isse kissi k rape nhi kiya tere suvr bhaiyo n kiya wb mn,0
khud ko rape karwake,1
kashmiri musalmano ki harket bhi to dikhao jinhone lakho kismeri pandito ko maar diya unki bahan betio ka rape kiya behisab atank machaya jiski vagah se lakho kismeri pandit beghar ho gaye,1
ka ho ac me sutal hai rape crime 175 badha hai aise to 2019 v gya aapko is per jan andolan krna chahiye rode pe aaeye jnab,0
pakistan is hub of terrorism,0
year aap kashmirion aur indian muslims kay saath state sponsored terrorism band kardo pakistani dukan bhi bandh hojaye ge,0
tu mera sabse best,0
nothing kaise koi srk ko hate kar sakta hai,0
iski maa gai hogi koi mandir mein to bhahubai ne rape kar dala hoga isliye iska naam bhahubai hai,1
bus isi mein khusi mil jayegi tumhare desh ko aur toh kuch kar nahi sakte terrorism ke alawa tum log,0
aisi faltu ki id bnd ho chahiye jo nafrat ko badhawa de,1
sarkaar ko puchkar to ye maamle nahin hote ye to aadikaalon se hote rahe hain ye hai ki kabhi kam kabhi zyada hue hain jaise jaise social activities aur jansankhya badhti jaa rahi hai us tarah ki ghatnayein badhti jaa rahi hain rk saini bjp on rape incidents in,1
arey thoda normal ho ja,0
bencho stream me koi kaan ka rape kar raha tha,0
ppp corupt zardari mafya bun chuki sindi awam unse sakht nafrat karta ab sindi ki umid gareeb mazloom ka bhadr sathi,1
ha tum sab ko sukun to tha hi jab jaha margi rape murder and blast tum sab karte the ab karne me bahut problem ho rahi hai,1
usss mai yai likha tha k rabia anum ka rape bhi imran khan nai kiya,0
mohsin abb tum mujhe hate karogy,0
waah re logic inka bus chale to ye party ke logo ko phansi de denge aur bolenge ki ye to party ka internal matter hai,0
sucha singh langah ek hor neta rape ke case main police custody mai kaya baat hai shame,0
masoom zainab k sath rape or murder case ka mawazina shahrukh jatoi k case sy heran kun hy buhat bari debate hosakti hy,0
kuyki suna h isse mind ka khoon mind tak nhi pahunch pata,0
t3ri m k bh0sd,1
tu toh bolta hai main different hu phir same template use karta hai,0
bhai tu toh bilkul class hai,0
haha tu toh full desi swag hai,0
haan sach mein to bilkul modi ji andhe ban gye 16 tribals ke rape par waha to polity ka natak nahi hoga sayda,0
haan sahi hai ye sachai hai ki tumhara dharam gandh machata hai aurato k naam pe halala kervate ho rape k naam pe,1
tu toh goa ka plan banata hai pocket mein 500 rupaye,0
gaand mein danda,1
gujrat jaakr dekho miya rajsthan b dekhlo bundelkhnd me bjp wale hi rape kr rhe he sharam karo,1
sambit patra jese paaltu kutto ke liye ek ms agar modi inki maa ka rape bhi karde to ye kahenge inki maa ka chracter kharab hai modi sahi he,0
sir uttar pradesh ke kairana kasba me 1 ladki ko uske ghar se utha kar rape kiya gaya aur police ko batane par police,0
yakeen maan bachay tujhay kuch nahi pata asay hii boli jaa raha ha ghr ja sakoon say soo ja you know nothing about pakistan and terrorism,0
ye aik bura kaam hay isko musalmano ka naam mat do jaisay jab beti bana kar baba ram aur bhakt bana kar asaram rape kartay hay,0
kisi baba ke pakre jane pe 150 200cr ki property tor dete ho aur rape hone par beti ko bahar nahi jaane dete ek baar rape ke liye be utho,1
haan islam sirf sharaab peene se hi badnaam hota hai terrorism aur fundamentalism wahabism and salafism se nahin nahin zyadatar mughal badshah aur sultans bewre the zinko islami apna masiha maante hain,1
aap ghar me pakistan se aye aur atankio ko panah doge to dhundna to padega na aap terrorism ka sath mat do picture change hoga,0
i hate larkon ki awaz change hone wali age,1
yeh talent main b hota hai,0
sab ke andar kaam aur jiyada dharam ko lekar nafrat hai,0
fakeerchod,1
sardana kyu hindu muslim karte ho baba ne rape kiya woh jail chala gaya agar koi muslim kuch karta hai uske liya bhi kanoon hai,1
5 pushpa i hate tamatar re bahut mahnge hai,1
t3ri g ph d00ng,1
jaha tak mujhe pta hai terrorism has no religion but still jab tak aap jaise log chutiyapa kabhi band nahi hoga,1
lundtopi,1
betichod,1
tumari koi apni ladki hai jab uska rape hoga tab mai kaunga ki rape toh salo se ho rahe hai you darty women,0
i hate weddings kisi ko galti karte dekh bahut gussa aata hai,1
tu toh bolta hai main fitness freak hu phir lift nahi chadta,0
behen ki ijjat gayi,1
tu toh bilkul desi daru peeta lag raha,0
aisa islamic rule in desho me aaya tha ki wahan ki musalman abadi kaanp uthi rape murder loot sab kuch kiya so called islamist rulers ne,0
noteban se terrorism ki kamar tut gayi,0
bullet train gayi bhaad mein ab nafrat shamshaan aur kabristan ki neech rajneeti kar raha fenku,1
gandu auto wala,1
chut ka pujari ban gaya,1
abey chutiye ye kashmir hai we hate india neither r we a part of it india has js occupied it jaa k haar ka sog manao gai ka mutr piyo,0
nirbhaya was raped by muslims m pathetic community jis quam ki shuruwat aisha k rape,1
kya tumhari m likha hai kro,1
aur jo india ma har 8 min mai rape hota hai uska kiya kiya who bhi pakistan hi karwata hai,1
bh0sd k3 t3r,1
bahenke,1
bhai tu toh full road ka raja hai doosron ka signal todta hai,0
ko hafeez sawed ki news mil hate hai,0
pura desh mar raha hai koi mahengai se koi berojgari se koi note bandi se koi gabbar singh tax se koi rape se jawan pak goli se kisan bhukhmari se phir bhi modi ji mahan vote unko hi millenge,1
behen ke lund,1
aap lead kerna shuhada ki tehreek aur aap ko kasam hay un kay pak khoon ki kay aap jaan denge un kay haq k leye nahi beta kabi nahi dega tu,0
ch0du gr0up,1
unko sirf hitler ki bhasha samaj me aayegi,0
arey tu toh full dependent category ka ceo hai,0
rape ki tou app baat karo matt warna buhat zaleel hoge,1
teri maa ki chut mein diwali ka fountain anar jala dunga,1
tu toh har cheez mein khushi dhundh leta hai,0
ye humara hindustan hai yaha world ka rape capital bana hua hai india iski chinta nahi hai film release ke liye suicide kar rrahe pata nahi is country ke logo ki soch ki deevar see parda kab uthega,1
khawajay tum ko kyun itni mirch lag rahi hai tum sab nay parliment ki aj tak konsi izzat ki hai isko to rape he tum or tumharay jesay logo may kia hai or aj tum he iski izzat k rakhwalay ban rahay ho zyada bhasgan na do or jao ja k prize bond nikelwao apnay,0
gaand phat gayi,1
yaha pr aik sports terrorism bhee hota hai mubarak ho aaj dhaishat gurd dhaishat grdi krnay se pehlay hee pakray gaye twitter com hfvxcbc8sc,0
ya log hi bhart ma aatank aur terrorism badhawa data hai pic twitter com 2ubohi5wol,0
yeh toh aisi lag rahi jaise yehi kar de rape,0
bh3n k3 l nd sw,1
kashmir me kashmiri pandito ko marke aurto ka rape kia tha bangal me bangali ko mara tha wo kon the aap ke dost,1
case example h es cheez k,0
tu toh joke bhi seriously le leta hai,0
yaar i hate bigg boss par aaj maine kapil sir ke liye bigg boss dekha per kapil sir to aaye hi nahi,1
bhai tu toh full fake accent mein baat karta hai,0
i asked harshita ap dekhte ho she said kabhi kabhi me apne wo scn dekha jisme tmhari rago m kon sa khoon daud raha she was,0
emaan ap ka kala haat dekh kr mujhe to sharam aa rahi h nafrat krta ho main ap se i hate you pic twitter com jsf62f3vwp,1
fir wo chahe rape kare ya murder,0
wait karte raho sir ek din hate story bhi aayegi,0
ko main dekhna or soonna pasand nahi karta i hate,1
tu toh bolta hai main natural hu phir fair handsome lagata hai,0
ravish ji itni hate speech kyon modi ke bare m,0
wish pakistan terrorism ko bhi aise hi haraa de,1
naaaa hate chai,0
ye sab pak ke agent hai kashmir me jo begunahoo ka khoon bahate hai fir apne pe aati hai to talk ki baat karte hai lagta hi paise aane band,1
is mc ko bharat mein la kar phansi dena hai kya kar rhi bjp sarkar parliament mein phle pakistan ko atankwadi desh to ghosit kare e,0
baa shahoor or baa zameer logon ke sath dosti ka rishta khoon ke rishton sy kahin ziada gehra hota hai by m gull jattoi,0
are bato agar tumhara bahan ko koi rape karke murder karde to tum ahinsa ki raste pe chalkar oose payar se samjaoge ki aur kisiko rape nakare,0
bhai kisne hate kia,0
irony gaumata ke naam per terrorism khud phela rakhey hai half chaddi aur half knowledge dangouras hai islam duniya banne se lekar aaj tak,0
up me rape ho ya balatkar sab cmji ko sajish lagta hai 100 laye hai sirji ab jaldi2 sajish pakad lenge,0
aur mai ye tere hi ketab se btaunga ki krishna dosro k patniyon k sath rape krta tha,1
chutiye log yaha,1
maa ka bhadwa,1
ganganagar mp nihalchand bhi rape accused hai us ko bhi kuch karo,0
kuch din pehle shimla kotkhai me 10 th standerd me pd rhi bachi k sath gang rape hua aur use maar ker uski lash ko jungle me fenk diya gya,1
abhi terrorism aur baqi hai mere dost twitter com t4v5ejyywa,1
bachchiyon se rape karnewalon ko kutton ki mout mar dena chahiye,1
bihar mein 90 ke dasak mein jangal raaj bhi hua karta tha apaharn loot murder rapes where being committed by unki bhi jaatiya batao do farzi doctor,0
khoon nhi kholta madam tumme bhi mnn marta hai chummi lene ka,0
hamarey pyare pakistan men ab tak terrorism ki wajeh se 70 80000 loog marey jachukay hain aur is zalalat k zimmedar hain,1
bda chhuparustam nikla re rahul baba ise kahte h deeye niche andhera desh ko dhoka aankho me dhul jhonk rha thha aaj pta chla ye saffron terror kyon kahta firta h dhokhebaj h aaul baba,0
mr mulayam yadav ji kehte hai rape ki ghtna koi badi baat nhi hai bachho se galti ho jati hai,1
gaandmasti,1
tere baap ka lund kaat ke usse earbud bana dunga,1
wat is this nonsense jo witnesses mare gaye unka zimmevar kon h koi bhi lady khamakha thori khaegi ki mera rape hua,1
islamic terrorism puri dunia me hai aur hazaron lakhon mulsims isame involved hain kewal kuch group nahi,0
muslim koi dharam nahi hai ye to dunia ko idiot banane ke sauch hai,1
wah kya baat hai,0
yogi yeh up mein kya ho raha hai aap pooja paath mein magan hain hain aur up mein police waals betiyon ko rape karne ki koshish mein lagen hain,0
desh me rape ka kanoon har ek sant ko jail bhejne k liye bna hai jaise kyun asl balatkari to jagh jagh ghoom rhe hai,0
teri behen ki gaand mein rocket daal ke spacex join karwa dunga,1
sex ka bhooka kon hai wo tou dunya jaanti hai bc hazaroon bachiyaan roz ki rape karte hoon har dosri gali main randi khana kol k rakha hai phir atni aag hai k rape bhi karte ho,0
babla,1
tu toh bolta hai main modern hu phir shaadi ke liye kundli milata hai,0
bhumi vikas bank ke employes ko mrne jesi halth me chhod diya,0
rss walai shadi kyo nahi kartai shaka mein ja kar mardangi khtam ho jati hai tumlogo to rape thread bhi mat do woh bhi nahi hoga tumlogo sai,0
rape kiske raaj me ni hua bjp ke satta me aane ke baad india ki khabar lena bhul gayi kya kitne rape huye aur litno ko saja mili chamchi,1
aaplog sun se garmi mat lena kyunki hinduo k devta hai surya are mil jul k raho upadesh rana jaise logo ko aaj isliye itna hate speech dena pad raha hai kyunki islamic rulers ne hinduo pr bahut atyachar kiya hai ye sirf reaction hai us terrorism ka jo islam k naam pr faila hai,0
thik usee tarah terrorism bhi muslim bina mumkin nahi,0
bhai tu toh full to do list banata hai kuch tick nahi karta,0
bhai tu toh bahar jaake fattu ho jaata hai,0
abe rape pirit aurat ke bacche haram khor kutte ke bille suvar,0
rishi sab har muslim terrorism na he hota agar ap ak ache or samajdar insaan hote to ap ko ye batane ke zarorat na te,1
bhai tu toh maa ke haath ka khana miss karta hai,0
zmaney mein sirf ek hi khaami hai aur wo hai ishq kernay walon sey nafrat kerna,1
gaand mara career,1
aapki soch ko aap k followers ne bhi reject kar diya sirf 1400 kuch logo n ne pasand ki aur taqreeban 1500 rts nafrat chore n insan bane n,0
mohabbat sahab se start hua tha rape ka jo sala apni beti ko bhi nhi chhodta tha,1
tu toh full tummy dikha raha hai,0
700 runs karle lekin tu toh jeet nehi payega aukat kya hain tera,0
bjp ka terror prem kyu nahi dikhate ho sahab kabhi aisi bhi kya patrakarita,0
really kuch bacha hai mazaak udaane ko ya hate k liye smh,0
india mai baap se phele beta ajata hai rape se jabi 14th august or 15th august ka difference pata nai rape jo bhut huta hai,0
r kutt,1
indiame bhi vohi saja honi chahiye rape ki jo saudia me he,0
as salamualikum amjed bhai gutta ps limit ke rape case ke barre mei bhi tweet karna tha,0
aur jin invaders ne inki maa behen ka rape kiya wo inke allah ban gaye,0
i hate love pri dono ko vote mat kro hina ko hi target kar rah h kya dosti nibhayi h dono ne,1
teri behen ki gaand mein rocket daal ke chand pe bhej dunga,1
hello sir please himachal shimla rape and murder case bhi dikaho apne news channel par koi bhi bada news channel nhi dikha raha,0
punishi ko to baher k jail me dalo waqei sufaid chudail kala rakshas we all hate pungi gandagi ki dukan dono arshi ko shilpa se lada k nomination se bachna chahte hain ye kutte kutya kide paden pungi ko,1
bijnor me rape insaniyat sharamsar lkin naqwi be zameer,1
train mein rape scene dekhna ban kar dena chaiye,0
up ke law n order ki to le ke rakhi hai,0
likha lo aj b karachi ka rape ho ga,0
rape aur gundagardi par bhi report de do bhai kyonki abhi bijliwala bans ho kal djp ban jao,0
arey tu bina tere group adhoora hai yaar,0
priyank ki mom ko bhej nai sakte yaar hate dis show biased they r heartless pri ki mom ko bhejte yaar gandagi kyu,1
i hate pungi for doing what they did with luv and akash but hina ne ankhon main mirch daali hai and usne baal bhi kaate hai,1
tere baap ke sar pe lund rakh ke rashtrapati bhavan mein oath lunga,1
we hate naam sethi,1
randi ka bachon terrorism tu karate ho chahey kapoor kitna be bara ho jaen rahatn lun ka necha han,0
agar terrorism chod denge wo to 72 hooron ki pari se kaise milenge,0
to madhya pradesh and rajsthan me karati hai jaha rape case sabase adhik darj huye hai,0
tere baap ko hijra bana ke indian idol mein bhej dunga,1
bhai chill marr dance hi kiya hai rape nai,0
good night bro,0
tu toh full gyaan pel deta hai,0
mam apne aaj bola sahi bola but vikas bhi maze le raha tha waise toh ladki ko moti bola usko bada problem ho raha tha aur sab gandagi ne kiya hai but shilpa ne bhi uski bhadas nikali hai sabpe uska hatred aur uske sath jo bahr hua hai that has made shilpa,0
koi baat nai he shilpa ki bejati karne k liye to tum ko bahar akar patta chalega etna marenge something wessa hi kaha its too much yar hina akash ka to jokely kiya par usko buri tara peskiya shilpa ka i hate that guy check out in voot app,1
ha vo to sab ko dikh hi raha h ki ap logo ki govt h haryana me kuch bolne se pehle thodi sharm kar leti 3 din me 7 rape ki vaardaat hui h aur baat krte ho beti bachao ki,1
aise scene dekhkar kai bhatke huve logoki vasna aur nahi bhadkegi chhedti rape cases me ijafa nahi hoga,0
dil to tab rota ha jab hum khud ko koh k b kisi ko nai paa sakte,1
stop hate speech comments pa ji dusro par bharosa kar k apnay shayad kuch ziyada hi keh diya result dhiskiyaoooo,0
agjdhdhdidh i hate karlie gender so much,1
madar jaat ye kand tere desh mein hote hai beheno se shadi karke rape aur fir talak ja be bhosdike google kar kya pata tere baap ne bhi apni behen se shadi ki ho aur tere jaisa na jayaz aa gaya,0
rajputo ko khud apni ijjat ka khyal ni hai inke yha itne crime hore hai ladkiyo k rape hore hai uspe inka muh khulta hai nai,1
or goverment ko sabhi chanel or dig ko inform kar dena chahi a or luis rape ladki ki caste newspaper me print n hone de pic twitter com hbpgxwzqnz,0
randwe ke jaisa dikhta hai,1
i hate cigeratte lekin kbhi kbhar dil chahta hai k pe he lu,1
haha tu toh full introvert ho gaya,0
mastani se had se jyada hate hai kichah kar bhi mai uss actress ko pasand nahi kar sakti jise maine badi devrani mai bahut pasand kiya tha,1
jinhone mara unhe kosh liya ab baari us pm ki hai jo demonetization se terrorism control kar raha tha nation needs to know,1
banda,1
humayun apne pm se bol ki pehle terrorism khatam kare puriya duniya me gandagi faila ke rakhi hai pakistan ne,1
ye aunty ko abhi bhi rape threats milti hai,0
i hate those darzi jinhey design kuch batao banatey apni merzi ka hain matlab humein pehanna hay ya apne,1
bhai tu toh diet pe kabhi nahi jayega,0
bhai tu toh bilkul pg life king hai,0
rape karne wale ke liye sirf fansi ki sja honi chahiye ab sochna chahiye sabhi party ko,0
inhone na uska aad kra na koi promo aaya i hate sony tv pta nhi kya tha mind main,1
vikas gupta is worst person in dz world he is sooo mean shilpa ko show se nikal diya phir bhi isko shaanti nahi hai joote maarne chahiye aise ghatiya insaan ko hate u gupti to da core,1
paaji jyada w wale words health ke liye thik nhi h,0
charlie azadi charkhe se nehin balki lakho prano ki balidan ke badle ayahain ahinsa ok but koi tumhara bahan ko rape karke murder karde to keya tum ahinsa follow karoge agar aisa mera saath hota hain to main oose 72 tukro mein bantkar on camera daru ke saath kha jaunga,1
bharat ki naujawan aao desh ko save kare humare g poor maa behen ko dailypaisa se rape karte pakdo maro jalado magar save izzat mother india,0
bki hate ho wo hate wala nazar kiske lya he yea samajh ne k lya app kafi samajhdar he,0
aap janwar ho khoon kitni bar use kiya apne jb yesa hone lge to samjh jana ki pagal ho chuki aap,1
bjp ko kyon achha khe n har din nafrat wale hi muddle uthate hn ar jin karabion muddon par sarkar banaya we sari burayian inke ssrkar me aur chram par h modi achha bolte hn implement nhi karke bjp nam k dokhe se safal huwe nhi to rss ko des ki janta 1948 se hi nakar rakha h,1
bhai tu toh multi talented hai,0
bhadvo haryana me ho rahe rape par khamosh kyu ho kya rape deshbhakti he or modiji se sawal puchna sena ko target karna kaise dallo dub maro,1
jis rape ke laws and rules ko koi darta nahi un law ans rules ki desh ko kyu hai jarurat,0
ye to hinduo se nafrat karta hai na fir mandir k dhakke kyu isse astha se koi mtlb nahi elections se hai,0
ne kairana sahibabad buxar se hindu ko bhagaya ar hindu ke ghar tode jalaya hindu girl ka rape hone diya,1
tu toh dost hai isliye bardaasht kar lete hain,0
15 din me rape hota hai isliye madam wha zyada chakkar lgaati hai maza aata hai zyada kya,1
salman bahut bda chutiya h sirf shilpa ka side leta h kaaaminaaaa phone pe bhe shilpa se baat kia chutiya i hate this biased show abe dhang se host kr isbar unfair,1
chut ye aadmi,1
jo bhi hindu ya muslims ka shabd bhi use kare woh ache nahi ho sakta he plays divide and hate politics,1
ch t k ch0re,1
teri behen ki chut,1
ki jab rape yanee atyachar hota hey,0
es 3 mahine me bihar me only 9 bikash ke kary huaa murder lut chori dakaiti,0
tum mahila nari ladki ke naam par kala haryana daily rape ho raha hai tum bjp ka baat kar salary lo sharam ki baat hai,1
apny bachon k sth rape kar k unko maar k kisi koodday men nhi phenktay,0
arey kal se pakka gym ja raha hu swear,0
tu toh bolta hai main alpha male hu phir reel pe beta dance,0
hope trailer achaa ho bro warna karni sena waale rape kar denge,0
tere baap ke balls kaat ke stress ball bana dunga phir,1
jhant,1
teri behen ko nanga karke parliament mein bitha dunga,1
he s good yaar pata nhi bechare ko kyun hate aati hai,0
ch0du bh s,1
randwe ka business,1
nikaltay hein k crush se h9 nafrat,0
bahut hi weird jiju hai mere haan p,0
i hate love story,1
sun pehli baat to rape koi trolling ka hissa nhi hai ye sharmnak hai chahe koi bhi country ho lekin saaley tum pakistani dogley the aur ho,0
jnu ko badnaam karne ki saajish dekhaana chahte h log kitna hate kartey h jnu ko jaha jaati h jhagda ho jaata h,0
teri maa ki gaand mein rocket daal ke jeff bezos ko tag karunga,1
agar allah na karen imran y kisi aur ki behan pe esa ilzam hota kya saboot istarah mange hate kuch khuda ka khof karen,1
tum to saale bakri aur bhes ka rape kr dete hon hme sikha rhe ho saale khud ki saghi bheno ko chodte ho saale sewer ki aulad,0
jahan har 7 mint mei ak rape hota hai khud ko safe rakh nahi sktay aur humain batain kartay ho,1
bola na terrorism ko support karna band karoge tu kaam theekh hoga na,0
apne neta ko defend karne ke liye kisi ko rape ki dhamki dete hain,0
abb terrorism dhk rha ha dhamki khud hi khud ko data ha or naam hamara bad naam,0
t3ri b3hn ch0d di,1
or pakistan me hindu ki kya halat hai dekhi hai maine kashmir me terrorism pakistan sponsored hai kashmiri musalman hai to shanti se rehne,1
s r st m nd,1
aaj phir tumpe pyaar aaya hai full video hd 1080p hate story 2 by arijit singh,0
bhai tu toh full sigma male banne chala sigma zero,0
teri maa ke saath honeymoon pe jaake usko pregnant kar dunga,1
s bh0sd k3,1
sir phansi nahi sirf looted money wapas chaiya,0
motherchod wo to ajse 100 sal pehle nahi tha pichle 20 saal se us ungli kar raha hai isiliye terrorism hue hai,0
tu toh full daydreamer hai,0
katua,1
gift me rape nai karwana chaye that at least wese b heejra baap nai hota,1
aab kitna roop dekhayegi aaur kitna hate karen tumko apna band kyun bajwana chah ragi ho gajini tum,0
pyaar sai hate kertay hain na,1
yad rkhna takshk ki trh hindustan me koi jrur paida hoga jo apne purwaj ko hue rape ka mulle se bdla lenge lekin uchit tarike se,0
yup and this is most disturbing part of this yaani yaar rape ho jaey us larki ka koi na poochy k aagy uski life kysi guzray gi,0
yogi ji aaj gorakhpur me fir ik nirdosh ka chalan kiya gaya hai wo bhi murder 302 me aur aur aap kahte hai ki aap yogi hai,0
bani ke sath glt huwa jab ki lota ne itna kuch glt bola bt salman ne use kuch kaha hi nhi fake lota i hate u,1
love from delhi,0
or tmhari ka roz rape krtay hain kyun k tujh se khud tou kuch hota ni,0
par uske bad to kisi ki hate ka bhi koi faida nhi hoga,0
arey tu toh mera real bhai hai,0
bhai terrorist ke janak bola jata pakistan ko atankwaad to inke khoon me hai ek paki ne bola ranking matter nhi krta cup matter nhi karta,0
bajye police ka nizam sahi kerne k ye duck rape ka lesson shamil kerna chahri hai bajye insaf ka mehakma sahi kere behayahi ko rokne k iqdam kare ye orat sex ki taleem dena chah rahi hai,0
news dekhle pata chal jayega jiska rape hua woh mare bahen toh nhi thi but mujhe farq padta hain our ajj kya rozz dekh 10 case mileage,0
hina se hate inka itna badh chuka hai ke sahi galat aur insaniyat ki tameez kho bethe hai,1
vo pta chalra h modiji ko jis vajah se hate kr re ho tum,1
gadde,1
ch t y3 k p,1
g kahi ka,1
kya yah sach hai in janab pe molesting or rape ke arop lage hai,0
matlab ke ab agar beef nahi kha sakte to cow ka hi rape kar daalo,0
cm ne aaj gang rape ke aaropi gayatri prajapati ke liye chunaav prachaar kiya does he endorse prajapati s act,0
nhi phr kbhi khoon ga abhi time nhi,0
gandu,1
dekho na mass murder karne ka mann karta hai,1
bigg boss jitna imp nhi hai fans jitna imp hai nd vikas ne fans kamaye hai mataji ke fandom jaise nhi hai jo apne hi fandom se ladte rahate haishame on you shilpa fandom grow up waise mataji plz yeh ladne wale logo ke liye live aa jao warna ek dusre ka murder karege yeh log,0
kah kah kah kah haters gonna hate hate hate hate,0
bhai se tution le le she predicted this bola pak jeeta tho terrorism katam hoga let s see,0
thank you geeta ma am insaan nafrat me sahi aur galat hi bhool jata,0
lodu sale terrorism kya hota h pakistan sari duniys ki dikha rha h band kar bhopadi ke saeed ke pille,0
hate this gwar sadakchhap tuchcha,1
ch0du c0rp0r,1
kashmir azad hoga terrorism se,0
haha tu toh full single life enjoy kar raha,0
arshi ne bahot rulaya shilpa ko i hate u arshi,1
chakki ko to sanjay kapoor bhi to rape kiya tha clash mei arey chutiye chakki se to rajpal yadav bhi behtar hay rajpal y ne 75 flops disasters nehi di h,1
ek bar phir 90s ki tarah fauj ke hath khol ke dekho india kya duniya se terrorism khatam kar degi,0
this shows tolerance limit of gujju gujjuo ko badnaam din raat karta hai or abhi tak ya zinda kaisa hai kamaal ka thanda khoon hai gujjus ka,0
l nd k3 p,1
nahi chutiye pakistan top 20 main bhi nahi hai but india 3rd rapist country hai world main aur issi tarha tumhari larkiyo k rape hote rahe tou 1st rank main zayda dair nahi,0
tu randi sirf sanbhu laal ki sister banke usse rape karwa sakti hai,0
bhajiye,1
nihalchand pr rape,0
haryana me rape ho rahe hai waha to moral to holiday pe hai,0
padmavati pr film banaoge zinda jala denge naak kat denge aashram mai rape karo acid attack kro koi nahi,1
lawde lagao sab,1
tu toh risk lene se darta hai,0
bhai tu toh resume bhi nahi banaya,0
tujhe sharam nahi aati,1
ladke hain garmi chadh jaati hai rape ho jaate hain ab kya rape ke liye sooli pe chadha doge,0
rajestan police ke ye jankari di hai ki sanbhu suvar khud apni bhahen ka rape karta tha,0
i hate you sakshi mahraj kyu dusmani hai unse aap ko,1
arey tu toh bolta hai main high value man hu value 420,0
jab khana kaba mai sab namaz parh saktay hai tou why we have to decide kai kon kaha namaz parh sakta hai though i hate saudis on odr issues,1
tu toh aaj mein jee raha hai,0
g b b,1
lawda,1
tu toh kabhi galat nahi karta,0
tere baap ko hijra bana ke baraat mein lead karwa dunga,1
ain hate hum kisi ko hate nahi karta,0
g ph gay,1
choro yaar bas aj kashmir main koi terrorism nahi karna yaar,0
ye dropdi ji 15 din mai rape ki garenty de rahi hai lagta hai inho ne hi koi contract le rakha hai nari k sammn wale kha h,1
hmare nhi tumhare bap dada gulam the isiliye aaj tum muslim ho samjhe apni maa bahan ka rape kra ke bn gye muslim sale gandu,1
tera desh aatanki se bhara hai asal rape tum log kar rahe ho you bitch khud bhi waisi hai dusro ko waisa samaj rahi hai,1
hindu rape hindu girl,1
booby,1
teri maa ki chut mein ganga jal daal ke snan karunga,1
yaar tum log kitne giroge hate karo na par itna shit ho yaar tum shit,1
tu toh bina bole bhi hasa deta hai,0
raand,1
tere baap ko kutta bana ke uski shaadi teri behen se karwa ke divorce dilwa dunga,1
haha tu toh full bhulakkad hai,0
koi ghr m ghuse rape kro ap skaratmak socho kmal ka gyan arjit kiya h sahib n,1
remember deepu bhi pehni thi wo ek baar i hate those,1
okay akhilesh said up me baaki states se kam rape hote hai is it,0
meet new breed of kusanskqri empowered kukarmi girls of india abhi kapada faad ke rape ka natak karegi ye sab,1
baapo bharat matta ka rape karte hoye,0
chutiya mat ban yaar,1
bhai tu toh bilkul zero friend circle hai,0
hate heena too much irritating n bat karne ka tamiz nhi hai unme sab ko insult karna ati hai unko bas aur kuch nhi ati hai bohot insecure hai wo ladki,1
arey tu toh full on entertainment guaranteed,0
ke sath rape kerne ko kaha,0
jaha nari ki puja hoti hai vaha bangal ke kis gadhe mantry ne pucha rupaa ganguli g se ki kitani baar rape huaa aapake sath shame u pic twitter com c7u6fqshmm,1
tumhe apna banane ka junoon jo aab dil mein hain 3 listening to tumhe apna banane ka junoon hate story 3,0
arey tu toh bolta hai aaj se naya start phir kal repeat,0
itne rape ek saath hone par lagta hai ye koi saazish hai congress ki,1
5 bari naamaaz padthe ho ek bari bi alla ko kaha terrorism band kar va dho,0
are aisa kuch nahi hai bhai mai abhi bhi srk ka hi fan hoon or rahunga but ab akki ko bhi respect krta hoon kyuki hate krne ka koi reason hai hi nahi,0
haha cat must have been like chodo kaun uthega murder karega sote hai usse acha,0
good luck champ,0
usi ka pichwada dekh ke apni behno ka rape karte ho tum log,1
kya nhi yaar teri bhahen ka mein rape nhi karunga pehle se vo tere se aur tere dosh se pareshan hai hamara lund nhi se paigi,1
zaroor agar ko railway se hataya hate toh pic twitter com sgyl2s48xj,1
kya kya seh ke aayi hai hamari queen i hate you,0
isko allah ne aadesh diya hoga ya kuran mai likha hoga ya khuda ye tera kesa dhrm h jo tu spne mai aake rape krne ko khta h,0
teri maa ko nanga karke facebook live kar dunga,1
bhabi ji ap karani sena k bare mein kuch na hi bolo to acha he kyon ki woh log apne history ko bech ne se bacha rahe hen aur up mein gundaraj danga mafia goons murder rape etc woh v jaat k naam p jo bilkul achi nain ravan k muh m ram ka naam sobha nain deta,1
yes kya hindu sanskriti iit m rape kerne ke khti thee,0
bhai tu toh party bhi nahi aata,0
janab 4 shadiya karna rape bhi,0
i dnt hate anyone jo sach hay wohi bolrahihoon,1
tere baap ka lund kaat ke usse toothbrush bana dunga,1
rape me van nirvana,0
2 vaise tumhare yaha to kidnap rape hota hai na,0
kia wo rape sy barh kr hai,0
spread karne na karne se kuchh nahi hota indians pakistan se sirf terrorism khatm karne ki baat bolte hai na kam na jyada rightly so,0
tu toh bolta hai abhi nikla 2 ghante baad ghar pe,0
up sarkaar kya kisi ne bhi rape jaise crime ke liye koi bada kadam nahi uthaya hai aise log sirf bolte hai,1
bhai tu toh bilkul rock hai,0
bichare yaha jauhar aur protest krne se peeche to hate to vaha aayenge na,0
ye jo geeta phokat hai na wo bhakt hai usko sirf muslim se nafrat hai rape se nahin bjp ke neta bole na rape to hota hi rehta hai,1
itni nafrat to kya to pakistan ke atankwadio mein dekhe ko milte h ya aap mein sirji jis thali mein khate ho usi mein ched karne ka plan h kya lag raha h iski gaddari par chhabuk chala h jo itna tilmila rahe h,1
are tumhare har gali mohalle mai rape hote hai tumhare yaha ladkio ko nikalna mushkil hai,0
parichod,1
bh k3 p1ll3,1
raju ji same on you jo aapne shilpa ji ke baare me bahut galat bola i hate you me pehle aap ki fan aab nahi hu,0
sb k desh men me zulm rape n murder badh raha hai r modi kahta h k desh badh raha hai,1
bhai rape me fir na likhne aur gaytri ko bachane ki poori koshish aur mulayam ka repist kahne per sale baap bete to road per kheecha ths,1
indian terrorist bhai hum mars aur moon pe jane wale log hai terrorism k liye tym nahi hai humare paas wo tumhe hi suit krta hai tum karo,0
rape ki aulad bhagwi kutte ab tu apni bhahen ka rape kar raha hai,1
rape chori daketi gunda gardi bhai giri corruption n garibo per atyachaar ye sub bhi to kaam he h na,0
be dosti hi yaha not for sale hai pic twitter com kcgceosw6b,0
sali kutia rapists hain teray mulk mai bahir na nikli rape hojaye ga teray pak aja safe hojaye gee,0
hate karne ki bhi ek hadd hoti hai,0
i hate her yaar har koi issi ka name diye jaa raha ha,1
gandu kahi ka,1
haan congress ke rajya mein hota hi kya tha sirf ghotale scam rape mehangayi,0
ek blackmailer reporter bhi hota tha aashish naam ka jo hamesha afwahen faila kar logon ka khoon chusta tha,0
ghasti,1
afsos isi baat ki hai per koi nahi ek na ek din aqal thikane aayegi aur log samjhenge nafrat se nahi payar se dil jeeta jata hai,0
bahot gande log hai yaar ye and disgusting,0
now i hate show ye kya tarika hai joke banane ka shilpa ji ki insult kar dali jokes ki apni limit hoti wo bhi jispe joke kar re wo waha pe hai bhi nahi hate this so no respect for women,1
kuki love dikhate h jo unhe koi ni puchta hatred vale hi raja h,0
haan aur aap ke neta to ration card dene ki evaz mein rape kar rahe hain,0
tere baap ko hijra bana ke dance mein bhej dunga,1
gand phat gayi teri,1
ek kaam kro ye 3 ldke jha bhi dikhe jaan se maar dena inko rap ka rape kr dia,1
meri fikr chod aajkal saare hindus aise hi baatein kar rahe hai nafrat hai mujhe islam se i hate islam,1
ohh aise log bhi haen tum aise lagte nehi ho ke tumhe koi hate kare,0
bhai tu toh bilkul unreliable hai,0
wallah hate it matlab seedhi tarah drive nahi ker sakte,1
omg aaj thoda jyada senti ho rahi hun i hate you,0
sirf rape hi nahi kiya hrgay ko manipulation karwake izzat ki dhachiya tak uda diya kaam tak nahi mielga ab hrgay ko career over hogaya,0
kohli dhawan dhoni yuvrajuu rohit lite kani jadeja dorikithe brutal rape chyali,0
harami ka baccha,1
teri behen ki chut mein petrol daal ke matchstick laga dunga,1
judge msti se,0
we aren t aap khud cricket aur terrorism ko leke agaye abhi tu sirf main ne jawab dia agar saray pakis ajaye gay to aap gaye lol,0
ekdam ekdam sahi bola kehe nahi sakte shilpa or punish ka defend krte krte khud hi na shahid ho jay aao shilpa maa mujhse bhi khoon kardo plzz,0
sir utter pradesh ke kairana me 1 ladki ke saath ghar se utha kar rape hua kya aapke pass iske liye time hai ki koi use bhi dekhe,0
we hate karni sena sc ko chabuk chalana chahiy,1
sir kya hua karte the aap kya ho gaye zanaab wakai modi raaz me khoon sasta hai,0
and yeah kulbhushan jadhav ki taraf se namasaty terrorism ki bad karte hai bloody rapist,1
elliot ko to 7 khoon maaf ye to phir ek catch hay,0
tu toh bilkul padhaku nahi hai,0
jate ho dharmik log underage girls ke rape mein mandir gdp down karte hain ghareebi badhate hain,1
teri maa ki chut mein ganga jal daal ke paap dho dunga phir,1
media kya jane ruhani duniya ko isko to rape k bina kuchh dikhta hi nai,1
hahaha hate maat ar usee jabsach pata chalegi vo phirse old sona hojayegi,0
kutte ki tarah bhauk mat,1
delhi main kaam ho na ho hate mongering toh kar hi sakte hain,0
waqai baap baap hota hai sara sal bacho ko khus krta hai but fathers day ko tumary jasy bacho ka rape hna chaheya lol pic twitter com dxk7givhby,0
sir yesa rule nhi ban sakta city ke har shop aur makan me cc camera lagna aniwar ho yesa agar ho jaye to rape jaise ghatna kuch had tak ru,0
o jahil terrorism tum log phela rahy ho kashmir mein jo kartoot kar rhay ho wo kya hai,0
kitni jali hui ho shilpa ko kitna hate karti ho ki apne maase bhi pyaar karna bhul gayee nashukree kahi ki,0
aor jo apni hi parlimentarian ko rape kar k murder karwa de aor dosron ki biviyon ko talaq dilwa k khud shadi ker le uske suporetr ky hein,1
team india ko aankho per bithane ka ye hi natija hota hai i hate team india,1
jashne azadi se phele hasre azadi ya laparwahai ki azadi rape ki gundagardi ki nafarat ki nasha ki rab khair kare,0
g party,1
yaha hindu hi hindu ka rape kare tab koi nahi ata,0
bumrah ka rape ho rha hai _,0
am feeling sad haam saab ne vote kiya but tm nominated nhi huye unn logoko talent k koyi parwa nahi i hate dis ppl,1
l nd ch00s s,1
agar aap ko lagta hai ki party mai aap ka satkar nahi ho raha hai to aap party se alag kaheko nahi ho hate ho tum gaddar ho,0
phir se aa gayi na rape pe khud ladki hoke yehi batein karne me maza aata hai chhi chhi,1
tv me advertising aata hai up ke liye ki kaam bolta hai aaye din murder aur rape uske saath saath acid attack sach me kaam bolta hai,0
haha tu toh full king hai bhai,0
md junaid kya gazab ki talim paya ho tumne waisey kon si gattar chaap madrassa se talim liya hai pakistani research on islamic terrorism,0
dear main aapki bahut badi fan hu kyonki aapne mujhe aarshi aur mere jaise itni intense jodi di but still now i hate you kyonki aapne mere rikara ko mujhse 6in liya ab se main aapki fan nahi hun,0
chut ka churan,1
teri behen ke boobs pe maggi masala daal ke khaunga,1
tere baap ke gaand mein bulldozer ghusa ke metro line bana dunga,1
tu bach gaya hindu rape karta hai to teri bolti band hoti hai wah saale wah,0
hshatgaird koi bhi ho dashatgard hi hota hay talban pakistan talban international kuch nahi sub dashatgard hi hain sub ko phansi do,1
ch t ph l,1
hate hate babari dhamkakagana in via,1
ek desh ek tax to phir ek desh ek kanoon kyon nahi common civil code lagu ho aur jammu kashmir me 370 anuched hate to islamic aatankikabume,0
acha chlo ap jeeto hazar dafa jeeto par meray kashmir main terrorism band kr do,0
tu toh bolta hai main sorted hu life full mess,0
mudinjaa delhi la rape pannavana kandu pudichu oru ara aranjitu vaa paakalaam,0
tere baap ka lund kaat ke usse flute bana ke titanic song bajwaunga,1
cow pr hamla hoga,0
jo twitter pe support boycott ka trend kare wo chutiye,0
bhai tu toh full emi king hai,0
chalo sunke accha laga islam ko sharminda isis wale jyada karte hai sonu nigam nahi jara hate filled comments padho aapke bhaiyo ka,0
arey tu toh ghar mein sher bahar billi,0
ab koi or dhund raha hai jo kuch time k liye tary sath theek ho or phir tujy hate krny lagy,1
tumlogon ke khoon main hi dalali hai ghulami main angrezon ki dalali ab paki ki dala waise bhi isi marked fully satified h,1
india main rape ho rahe hai to pakistani ki ladies kya namaz padkar pregnant ho rahi hai kya madarchod,0
bh3n k bh,1
saale tharki dreams,1
ch t y l0g,1
bhai army to donoun taraf ki hi lagi hoe hai hum log aapas main nafrat ko pata nahi kyun parwaan charha rhe hain,1
yeah hum jindagi ma kabhi terrorism nahi kiye maa kasam cia ko poocchh lee jiye,0
teri maa ko burkha utarwa ke ramp walk karwa dunga,1
acha terrorism say yaad aaya kalbhushan yadev to pak main pakkoray bhaichny aaya tha,0
are ha musharraf ka kya hal hai suna hai uski gaand fat gayi hai isliye khule aam wo pakistani terrorism ko support kar raha hai hahahaha,0
pakistan ka scene alag hai they hate us we hate them,0
desh me abb subse jyada ekk cheech chalraha he rape jiske pass paisa he vo kuch be karskta he usee to vip banakar rakta he,0
jb delhi rape hua zalim rappist ko saza di gai hmne ibsaf ko bosa liya lkin kya bijnore kand rape ni thi,0
hamari quantity jyada h magar kam tumhare yaha to hm se bhi battar rape ki saza rape,1
t3ri m k0 p3l3ng3,1
abay apne indian media say bahir aaa betichod lanaat hai aisay fir pay jis k bad bhi har saal hazaroon rape ho jate hain india main,1
aur yay trend k dosron ko batana bhi hay kitnay ka hay i so hate all this,1
suchai to ye hai ks ki army rape krti hai ab khna ye b jooth hai,1
sivraj pr vyapam ghotala,0
yeh toh aankhon se hi rape kar dte hai,0
respect button dabaya,0
bhen ke lode,1
g j r,1
hina such a diplomatic drama queen khud aag lagati hai baad me dusro ka naam leti hai hate u,1
pakistan terrorism ki kheti chor dega tho khayega kahan se ooski ooplabddhi aur hai kya,0
tu unhi ki najyaz aulaad hoga teri amma ka rape karkar chod diya hoga warna hume to yahi confirm chakke hain hijde hain aur han gandu bhi he,0
buzurg shahri ko firing kar ke qatal karnay walon police aahalkaron ko phansi do,1
or aap unkesath selfie le rahe ho muje ye accha nahi laga i hate you sir,1
haha tu toh full star banega,0
international players lene me toh gili ho jati hai aur hate spread karna hai,0
nushki me murghi mafia aik dafa pir awam ka khoon choosne lag gaye qta me 160 se 180 jab k nki me 240 se 260 rupay fee kg frokht ho raha ha,1
ab marina se ye phoocho ki baba ne marina ke saath kitne baar rape kiya 25 aug se kahan thi ye kiraye ki marina or kitne paise mile h ise,1
is song mein jo word bole hai aapne who is duniya ko except karna padega kyunki yeh sach baat hai paaji aap rape nahi mathe aap hum logo ko inspiration death ho paaji main aap jaisa insaan aaj tak nahi dekha kahin nice paji l love you,0
behen ki chut mein aag,1
gaurakshakon dwara apni manmaani ke case ka aankda batao rape case ka aankda batao tbhi hogi na mnn ki baat,0
teri maa ke muh mein mera lund daal ke red fort ka jhanda bana dunga,1
bhai mast kaam kiya,0
chode,1
tu toh full bakbak machine hai,0
tere pure khandan ko randi khane mein naukri laga dunga,1
bh3nch0d n3ighb0ur,1
har ghadi badal rahi hai iski zindagi hate hai kabhi kabhi hai filth zindagi,0
balchod,1
aur besharam haryana k minister behuda byan de rahe hain k rape hum se puchh k thodi hote hain,1
promotions suck samajh gaya ek hi niwala kab tak chabayega logo ke kaano se khoon aata hai wahi pravachan subah shaam sunnke maaf kar de,0
pichle 10 saalon me hum ne kitne hi lasheen uthaen ho magar aafreen un par jo hamen ab bhe terrorist kehte phirte hain,0
beroot damishq k qareeb shami foaj ka rocket hamla 16 afrad halak,0
madarchod teacher,1
sir ye kaisi culture h jisme jo bhn bhai ko rakhi bandhti h apni security k liye wahi bhai uska rape krta h pahle apna dekho,1
i hate you so much aaaleee tum chor kar mujhe so kaise gaye,1
pahle sabut sach ko janiye parakhiye fir boliye fir dekhiye police ke statements dekhiye fir me rape ka jikra nahi aur aarop jhuthe hai,0
tu toh bolta hai main chill hu phir chhoti baat pe bhadak jaata hai,0
murder is ki saza kya ho pic twitter com icqom54wgz,0
armaan k ek v song nominate nahi hua jin logo ne esa kiya unn logo ko i hate dis peoples,1
inhi supporters k khoon paseenay ki kamai loottt kar mian sb ne london me flats bana liyee o koi sharam hoti ha koi haya hoti ha payann,1
use top se uda do tab maan sakte hai ki pakistan terrorism khatm karne ke liye serious hai,0
nae yeh bhi keh detey hain k kon sa rape kia hai,0
par boht saary logon ne kahan bus krdo hate na phelao,0
ye shilpa k fans hai jinhe hate k alawa kuch nahi ata,0
maro anankvadi imamo ko talwar se kat dena chahiye hindustani hijre ho gaye hai jitne imam hai wohi terrorism ko paida karte hai,0
ki jkn ka mazak bana hai alia sahi this vd ne galt jawab diya sab mazak iska banate hai alia ko ab ba s pause wale logo se matlab sid not a starkid that s why alia ko ab starkid buddha mil gaya hate alia hate,1
to ek ek kar ke terror attacks me marne se unke pariwar ko dard nahi hoga kya kahna chahte ho,1
all hate you,1
koshish ki poori family ko dande or sariyo se maara meri choti 17 saal ki behan ka rape karne ki koshish ki,1
keeda,1
humare yaha insaan rape hota hain aur waha bakri gadha kutte deadbodies khusre sab kuch rape hote hain dunia haasti hain in par aur yeh tweeter pe aate hain fake jihad karne are iss fake jihad se bakri nahi milegi phat ke nikal ke pic twitter com ptokzdbyhd,0
shukr h khuda k ki kashmir abhi hindustan m h agr pakistan m hota to isse bhi bure halaat hote phale apne desh k terrorism ko khtm kre aplog,0
aaj se main bhi upma ko hate karne laga hoon,0
you re one of the kindest souls i know,0
bata to 4 baar tumahara rape kiya hai wo bhi anal,0
jo smjhabe bare hate sb ek ek se nikal bahar kare ab sb k ab ek jaise hi bche ho kaunko guna kaunko bhag main nhi jaano kauko hisab,0
arey thoda plan kar future ka,0
magar porkistani insaan nahi hai ghade hai sarey rape ki padaish,1
m ch0dn3 w,1
i am very sorry to say saaf dil shilpa ke fans hiten ke dil mein kya hai woh bhi samjhte hain hadh hoti hai nafrat ki bhi,0
sachche deen kon vo lootere kasai ghod sawar mangoliye arab jo lootne aaye aur hindu auratonko rape kr ke tumhe paida kiya,1
islamic terrorism ka jad janna chahte hai quran padhiye jan jay ge quran hi jad hai padhiye hindi me uplabdh hai,0
hina ne uske liye whistle bjayi jise usne 2min phle bola tha i hate u,1
ye video dekh kar to khoon khaul gya,0
naqab pr bolne se pahle un logo pr bolye jo rape krte h chher chhar krte or jis din duniya ke mrd sudhar jynge insallah nakab khud ht jyega,1
saale tharki,1
tere pure parivaar ko zoo mein daal ke ticket laga dunga,1
khud ko best bolna aur dusre ka love hate calculate karna alag baat hota hain naa krk se pooch k dekho,0
chodu kahin ka,1
gang rape or rape karne walo k liye ek hi sazaa unka ling kaat dia jaay tabhi yeh sab mamle band honge,0
tu toh abhi bhi mummy se daant khata hai,0
hamre yaha rape hua tho hamne usse bhi condemn kiya tbhi tum bhi jaan paaye na hamne dabaya na kuch hame khud sharm mahsus hua,0
teri behen ki gaand mein rocket daal ke mars mission karwa dunga,1
aur up me agr adv hoga to rape murder yahi dab dikhega na,0
i hate baekhyun,1
hindustan ke tamam log chahte h ke jis trah se auraton ke upar crime bhadr rha h gang rape ke waqia ho rha iske liye central govt wali modi sarkar 1 strong law bnaye,0
lekin aaj kal to gujrat ki mataon ka gang rape kar rhe aapke tuchhe karyakarta,0
aur men ne kab kaha k rape aur killing karo men ne apne twits men kaha tha k islamic law implement kar den sab thek ho jay ga,0
ladkiyun ko rape kar k samjhty hain barry mard hain hum border pe tu any k himat ni hai in hindus ki aur batein dekho,0
teri maa ki chut mein ganga jal daal ke paap dho dunga,1
fake hina besaram arshi ki sakal se hi nafrat ho gyi hme,1
rajasthan k kisan ko aap ne phansi par latka diya tha,1
ch t k m,1
yes aj pakistan ki bowling bhi terrorism hi lag rhi hogi na tumhaain dhakan kahan gya kohli dhoni rohit,0
kqabar me se uthake rape kiya hain dead body ke sath tere pakistan me chup ho ja chutiye toilet ban chuka aaja jamader,0
chal phir mat dikhain warna murder ka case ban jaye ga tujh pr,0
hota hoga parrrrr nafrat c hai mujhe formalities main,0
pakistan ko ghus kar maro ek baar full and final kar do kab tak sainik khoon bhayega,0
haha tu toh full overconfident hai,0
jis chutiye ka bhai hi rape ka criminal case khel rha hai wo kvi v against hi rahega,0
haha tu toh kal ka kal dekhega,0
this is wrong info pakistan main rapes na hone k barabar hai mainay apni poori life main ajj takk ek bhi rape case nahi dekha yaha,0
ayesha aur muhammad ka rape hi kaladhan hai,0
sir aap aaj public se ye jarur pachna ki aap rohit bemulla ke marne par aap roye aur abhi ek bihar dalit girl ke sath rape 1 2,0
fathers day per apne baap pakistan ko or is rape ko kabhi mat bholna,0
magar ye media walay to jaan boojh ker paise ke liye sab karrahe hain,0
women rape murder or gorakpur hospital children death par bhi bol do adityanath,0
ayesha se bari khabees aurat nahi is dunia mei koi i hate her so much,1
momedankatue,1
good morning mere sher,0
haha slb ko thappad pada tab kaisa des mei ho lagraha hei jab har din rape hota hei tab gaand marwa rahi thi kya,1
teri maa ko nanga karke tiktok banwa ke viral kar dunga,1
r s d kht,1
aap jitna nich nhi hi m ki kisi ko rape ki dhamki du hai ko mc maarne ka dhamki dega uski maa behan ek kr dunga,0
pakistan ne apne terrorist se civilian jadhav ko chabhar se kidnap karwaya hai bhagwa terrorism ki tarah india ko badnam karne ke liye pak military court ki trial fake and transparent nahi hai save jadhav from the jaw of terroristan,0
paaji rape ka mazak ni krty beshak chutyo k mulak se hain par pakistani hmsayo se kuch seekh e lete hain hm,0
kon rape aur aurton ko bech raha hai,0
arey tu toh full positive vibe hai,0
moda aapne jab aapne kaha hindu rape krta h,0
abey thullon idhar rape pe rape ho raha hai udhar tum aise chutiyaape faila rahe ho,0
rape ko rap kehne wale jahil se behes kr ke aap log apna time waste kr rahe hai i think,0
bhai tm hate krte rho tmse yahi umeed hai aur muje yakin h ki umeed ni todoge,0
mujhe pehele se hi pata tha so sallu fans ke bareme galat kuch tweet nahin kiya kabhi bt i hate srk,1
kruti yeh log nahi samjenge u don t even know yeh log shilpa ke liye kaun c language use karte hain yeh puneesh aur shilpa ko le ke comments karte hain they hate shilpa sooo much they can stoop so low to degrade shilpa,0
gali dene ki ischa hoti hai jab nirbhya rape hua tha tab kaha soye hue the castinism desh ko khaa jayega,1
bhai tu khud rape karega to bhi kuch nahi bolenge khush,1
lekin bachho se rape normal ghatna nahi hai bachho se rape par phansi ki saja ho aisa kanun bane,0
dogli bat karnewale tumhara koi bharosa hai kya terrorism ke janak ho pak parasti ki bat karte ho tumhara zameer kahan hai,1
i hate ie because abhi tak iodine de raha hu aab to sudhar ja par sudharta hi nahi kamine ko iodine ke sath pura,1
plz ask modi ji punjab election aa gaye hain ek pose bhagat singh k phansi par latakne wala bhi de dalein,0
arey kabhi kitchen mein ghus ja,0
deshdrohi hum nahi aap ke mandir ke pandit hai jo rape karte hain,1
712 se muslim bharat me jihadi terrorism kar rahe hai,0
sir up ka kuch bhi nhi ho rha hai janta ap ko bura bol rhi hai mai ap ka ek supporter hun like crime rape jobs,0
yes pakistan got sweets khairat mein to mili hai rape to hota hi nahi pakistan mein bomb blast terrorists bhi paida nahi hote hai na,1
tere baap ke sar pe lund rakh ke national anthem gaunga,1
tu toh bolta hai ladkiyaan peeche padi hai phir bio mein single likha hai,0
aaj ravindra jadeja jo bhi hardhik pandya ko out kiya isi se lagtha hy ki jadeja losses his fans jadeja fans starting to hate him,1
teri maa yaa behen ka tho rape nahi hua kya jo itna bhok raha hai,0
listening to aye khuda murder 2 by mithoon saim bhat kshitij tarey,0
sir ji pi rakhi hai kya,0
ch t y3 k d m,1
aur rape ko hote hue dekhne wale log,0
i am from punjab and we hate kejriwal mean my words samana aaye kejriwal jutta maarne mai aaunga,1
aaj deepu form me hai i hate u,1
jo marzi kar lo rishi kapoor maan lo tum ko ham se is liye nafrat hai kun k hamare level tk aye nahi ho abhi u sarra hua tarbooz,0
bhai tu toh bilkul pessimist ban gaya,0
jis islam ne ke sath kiya waise hi hinduo ke sath ho rha h bas is islamic ideology se nafrat krte h ham na ki kisi muslim se,1
aise hi meeting attend karte raho train mein rape hota rahe ga tum napunsak ki tarah baith kar dekhte raho,1
ye to achchha hai ki up me bijli ki durdasha hai nahi to jis tarah nangi taar latki hui hai rape se jyada current se mar jate,0
isleye kuwait war main muslim iraqi soldiers ne muslim kuwaiti aurat aur ladki logo ke rape kiya na tab islam kidher gaya bolo,0
javed akhtar sahab aap sirf itna lik dejeye k is desh ko islamic terrorism se katra hai,0
hitler ka phone 2 lakh 40 hazar dollar me farokht,0
tu toh bolta hai main loyal hu phir 10 crush,0
jab rape case ki saza 1 month me nahi dijayegi wo bhi sirf fansi ya cutt private part of rapist no one can stop rape in india pathetic law,0
bhai sp aur bsp ke up candidates kyon chod diye aur ravish ke bhai ko kyon chod diya ek dalit ke rape case main,0
sirf paiso or randiyon pr marne vale kabhi desh k bare me nhi sochte i hate viratkohli desh bhakt ho to gautam gambhir jaise,1
kaun ko yun hate karega jaise hum karte hai,0
behen ke takke goals,1
bhai tu toh bilkul darpok hai thoda,0
bhosdi wale baba,1
aur tum log rape karna chor do humain b haar manzoor hogi,0
2 2 jab india haar se pagle ho kr jo andolun kry ga to pata chal jye ga kon log aman pasand hy aur kon terrorism krty hain,0
teri behen ke boobs pe swastik tattoo karwa dunga,1
i hate this ammi ne zabardasti pilai hai,1
teri behen ke saath local train ke toilet mein pel dunga,1
itihas sudharak government kyo rape ke against koi qanun nahi bana rahi h,1
i hate when kuch log bachon ki tarah bell baja k bhag jate hain actually wo sirf adhi baat share karte hain and dil ki bell baja k bhaag jate hain so please agar kuch share na karna ho to bataya hi nhi karo kuch tension hojati hai,1
kasam se dil khush ho gaya hai bohat acha kiya in ki reporting to rozana khoon pi rahi the,0
murder kr k aap khush hain,0
kapoor saheb we are not terrorists we are terrorism victims baqi itni nafrat yaqeen nahi aata k kapoor itni nafrat kartay hain,1
tu toh cold coffee order karke garam maangta hai,0
tu toh love shayari status lagata hai girlfriend nahi hoti,0
kina raakhyaa hate brigade le raastra baadi bhanera hate failaaulaa,0
madrch0d n3ws,1
nhi yaar or sun na bhi nhi hay warna real version se nafrat hojaegi,0
aap army ko kana do larhkiyon ka rape band karo or sub say aham baat toilet bana wo,0
gaii hamari maata hai agay rape k baad kuch nhi ata h rip indian darinday,1
pervez musharraf nawaz shareef ki tarhan haramkhoor choor aur awan ka paisa lotnay wala nahe tha atleast haramkhoor nawaz shareef ko phansi do moto gang k sath,0
aajkal kuch kutey keh rahay hain buchon ko jinci taaleem de jaey woh beghairat yeh demand karein k zalmon ko sharai sazain de jain arab main kion jinci taleem de jati kya wahan kids se rape k cases hotey hain,0
aur koi arguement kar lo reh gaya hai tou saara din kis ka ser khaati ho bestie hate you yeh bhi tweet ker rahi hain,1
mujhe lagta nehi ki inki maa b hai esiliye sanskar nehi sikhe hai hate u raju,0
ek gang ke crime se terrorism prove nahi hota agar hota to un ne ban lagaya hota,0
pakistan terrorism kabhi nahi band kar payega or india ke khilap vi kabhi nahi jit payega,0
netikta ke naam par istifa mangne par bjp ko sharm aani chaiye haryana main roj rape ho rahe hai dalito ko mara ja raha hai beef ke naam par musalmano ko mara ja raha hai maharashter aur mp main kisano ko mara ja raha hai aur natikta par resign kejriwal ji de wah bjp,1
tere baap ke balls kaat ke popcorn bana dunga,1
elish mach bhi hate karti hu chingri bhi toh kya hua,1
tu toh full tummy king hai,0
sahi baat jab akhilesh ka gunda raaj tha rape hote the aur rapist ko bachaya bhi jata tha tab ye chamche kaha the ab sab better hai,0
gujrat ma musalmano ka qatil e aam aur aurto ka rape kis ny kiya by zakir naik dr zakir naik 2017 via,0
sapna ji rape krne wala chahe hindu ho ya muslim saja ek honi chahiye uske hath pair kat diye jayen ya phir uski aankhen phod di jayen kam se kam unhe v dard ka ehsas to ho,0
4g ke naam par 2g mil raha kai,0
phir to badiya hai voh kya hai ki hindustan ke hain na to sirf pyar aur ekta samajh aati hai yeh nafrat ki soch se confuse hote hain,0
agar usi tarah rape ke liye kiya hota to aaj desh ke haalat kuch alag hote,0
good job mere yaar,0
aur jab rape jae to pahuch jao delhi mombatti le ke,0
lund choosne wali,1
tumhare certificate ki zaroorat nahi,0
accha theek he matt band karo terrorism jab taliban aapke schools main ghuskar khoon ki holi khelte hain tab kaisa lagta he aapko,1
tu toh bolta hai aur bhool jaata hai,0
ishe pelna bolte torture kya hota hai janna hai apko to zara balochistan pe nazar ghumao miya yeh hitler hai to woh jahannub hai,0
thats is good way i think in pmln walon ko ab adalaton se hi chitr parne awam toh pehle nafrat kerti hai in se,0
aur shanghi bhajpiye tab jaagte hain jab dange karna ho ya rape ya loot machana ho ya bomb banana ho,0
arey thoda commitment rakh yaar,0
jhantu ka jhanda,1
inko sirf ye pata hai ki rape kia hota hai,0
yani apni patni ka rape karvane ki dharmik bhavano ka season,0
bhai aapko salam karta hu aap sirf match ka baat kariye kashmir aur terrorism mai nahi karta,0
tu toh bolta hai main responsible hu phir bill mummy bhar deti hai,0
mera khoon khaula tha q ki wo movie boycott khan ki wajah se hui thi aur ye rajpoot ki wajah se,1
tu toh gusse mein bhi nahi aata,0
bhutto sb juke nahi phansi char gaye niazi se kaho mafi nama wapis le kar phansi char jaye phir maanoo or gande message bi chorne pare ge,0
arey thoda aaj se shuru kar,0
tu bhakt nahi hater hai nd log hate v usi ko karte hai jisko kabhi v love kiya ho as i told u i m not a bhakt of any1,0
ch t y3 k n,1
koi is bharway ko btye k is k tatti bharat ka rape ho ra h,0
bhai humne bas aik martaba terrorism sponsor kiya hai woh bhi sri lanka mein mai khud openly ye keh raha hun ltte ko humne support kiya aur humne uski keemat chukai terrorists waisay hi hote,0
tum us aadmi ko apna ideal maante ho jis ne is desk ke azeem mahatma gandhi ka murder kiya ye hai desh bhakhti,1
ye attankwadi indian agent hai jo terrorism phelate hai,0
teri maa ki chut mein holi ka pichkari ghusa ke rang daal dunga,1
america europe me movie achhi thi fr b wahan rape ho rhe,0
baal vivah to nitish sir aap roke rhe hai par rape rokne ki sapath kon lega,0
arey thoda chill kar bhai,0
mujhe nafrat hai un logo se jo muh par bolte hain song bekar hai aur baad mai bathroom mai earphones laga kar same song par dance krte,1
pyar me dard bohat hota hai yar i hate you s,1
rape ke against kanoon me badlaw ke liye aur kitni bahu betiyon ki bali chadhwaoge do something plzzz,0
bhai tu toh guru banne chala hai,0
army nhi hai bhai wo khud terrorists hai ar terrorism kaha india ki wajah se hafiz saeed indian hai yaa osama bin laden,0
terrorism tumhara kaam hai humara nahi spy to tumhare bhi hai so chill,0
you mean hatred ke saath disbelief aa hi jata hai slowly,0
rape karwa jake apni amma ka are mein bol kyu raha hu vo pehle se hi rape pirit hai,0
haha ek din baad main azaad hone wala mulk ab rooti kaa tanna mary ga ooo bhai thek ha tmre haan roti ha khate ho 2 nahi 3 time ki pet hagne k liye urto ka kuch kro ghr mn bahar ja k rape krwa k aa jati hain bechri khane ko chor hagne ka soch beta,0
lawde ke baal,1
fathers day per ye bachay hamare sath hain khoon akhir khoon hota hai,1
bh3n ki l,1
haha tu toh full baklol hai,0
bhrasht media ne lakho logon ka mansik rape kiya jo shareerik rape se jara bhi kam nahi hai,0
shukar h parindo n ko nhi pata ki unka mazhab aur sarhade in kyaa h,0
aisa hai to 4june ko rape ho chuka tha pak ka,0
news mai dekhte nahi in chakro makn khoon hojate,1
hate ki baat ho rahi h na,0
ch0du nahi toh kya,1
tmne kaha hai baki log bhi manein ge us pe kaha hai wese bhi i hate naeem ul haq acha hai is se tou jan chutay gi,1
jitni bhi thi lekin baat tho sabit ho gayi keh kuch khota nasal ke pakistanio ko koi farq nahi parta koi khattam e naboowat qanoon tabdeel kar de koi mulk ko loot loot ke kanghal kar de ya koi un ke bacho ko rape kar ke bedardi se qatal kar de,1
aur bhi bahut kuch tha bb related se bolne ko raju shri pr tumne parsnol ja ke bola shilpa ko uske kam ke bare me uske self respect ke bare me i hate u raju shri jaisi tumhri shakl waisi tumhari akal,0
bhai tu toh exam mein fail ho gaya na,0
taki hum aur hate kare,1
nudes mangna or bhejna rape k brabr gunah ha,0
madrch0d s3rv3r,1
r n b,1
delhi rape case ka tumne kya kar lia tha wo dickshit kya kar rahi thi,1
terrorism tum logo nay phailya hua kashmir mai hum nay nahe daily kashmiri shaheed karna kaha ke insaniyat hai,1
teri behen ko gb road pe khada karke free mein chudne ko bolunga,1
r e bhaijan puri dyniya janta hei ki pakistan ka har ek moholla terrorist hub hei is baat ko leke kaheka jhagra pakistan to hua hi tha terrorism ke liye aj yahan saraswati puja hei hume puja karne do,0
aatanki,1
madarchod k bachy rape ki ulad ye dikh pic twitter com a3qlmbxj5m,0
ye es liye hate kr rahe hain imran khan ko k choor nawaz k pakre jane k bad chote chooron ka dana paani b khatre main par jaye ga,0
ek aur gao mutar pee kar apni maa aur behen ka rape karnay wala blocked,0
bhaajpaa ke star campaigner sh narinder modi ko saat khoon maaf par dussraa koii kuchh bhi kahey toh maryaadaa mai raho,0
are sapna jee jab fulan devi ke sath 2 rat tak gang rape hua aur use nange kuwa se pani magaya gaya us samay ye sare hathiyar kya modijee ke sath chay becho rahe the ya pakaude,1
6 din mai 8 badi gang rape jis mai se 1 5 ki student thi 2 10 ki student 3 12 ki student thi,0
or gurur toh bhartiyo ke khoon me h hai gurur krne waale kaam krte h tbhi gurur h,0
waise ek baat hai tum srk ke bina ek din nahi guzar sakte chahe like karo ya hate admit it please,0
ab bol match haarna rape hota h,0
q tumhare rape honay k baad ab pehenti he nahe kiya adat se hogae hoge nahe,0
rape category me tw kal ka match hi top pe hona hai,0
sir terrorism band kar do kya matlab hum to kab say kar rahay hain is kay khilaf kar rahay hain hamari army kar rahi ha par ap bi kuch karo,0
but yar ppata nahi maine bahot try kiya but priyank ko hate nahi kar payi,0
pahale haryana ke ladkiyo ko rapist murderers see surakshit karo har teesare din haryana me rape hota hai haryana kee sadake gao behaal hai,0
bhai log mujhe to iss khansi vale kutte se nafrat si ho gayi hai he is the biggest joke ever happened to history of india fraud hai sala,1
mera pyar mujhe chhoode diya aaj main toot gaya i hate girls,1
filhal toh behanchod zindagi rape kr rae hai,0
bhai ye to bht ganda rape horha he ab mardo k b rape hone lage tumhare han,0
kidhe pher full yaari,0
jaab do log ek dusre se pyaar karte fer mutual separation kaise ho sakte only hate can do that n vohi huya,0
teri aukaat kya hai chutiye,1
tu toh full complain box hai,0
strict law follow honi chahiye rape ke liye jisse rapist ko kuch galat kerne se phele hamesa ye image ka khyaal aaye pic twitter com sgjjzsmasg,0
kyunki aap ne hi bola i hate tears and cheered me up,0
wai sadenli yu hate mi ameera,0
tu toh bolta hai bada aadmi banunga,0
i hate you paresh raval tum sachendulkar ji k bare me galat nahi bol sakte kyoki vo bharat ratan h tumari unse apsabd bolne ki aukat nahi h,1
main kbhi terrorism ko religion se nhi jodta,0
kyu re randi ke bacche fake id sirf teri maa ki chut se hi bana sakta hai kya suvar ki aulad tu hakla hakla kya krta tu kya suvar ke bacche modi ki gand se nikla hai ya salgay ke lund ne teri maa ka rape kiya tab tu peda hua suvar be bacche,1
i hate mathsmatric tak pasand thi us k baad nahi p,0
apny modi the bucher of gujrat ko bhe suggest karain k kashmir mai bhe terrorism khatam kary,0
sir jee kya 12 saal sey upar walo ka rape rape nahi hota kya fansi ki saja sirf upto12 years kyu sab per rakho na ab rape waley b adhar card per age dekh ker rape karengey kya,0
sirf mannu manveer jaisi chugli wali aunty ko lana or last tak le kr jana what d hell i hate mannu manveer,1
choochi,1
teri behen ko nanga karke jantar mantar pe dharna dilwa dunga,1
sab se jayda nafrat mujhe us bell se h abhi se chipak rahi thi man hua uska murder kar do,0
bhai rehn de apne cousin se shadi kar lete hain ye log rape vgreh kya jab ghar me hi behen tak nai chorte,0
baba ke baare me childhood se jaante ho police ko pehle kyu nahi bola baba ke rape ke baare mein jaldi jail jaata to kam logo ko fasata,0
ek nahi 100 cup chai bhar ke lelo bus yeh terrorism band kar ko cup se kuch nahi hota kashmir toh ab bhi humara hai,0
maine aapko ulta sidh nahi bola jaise aap bol rahe hain mai kyun meri jubaan gandi karu aisa bol kar aur jo log thodi si baat par ulta sidha bol sakte hain unke liye kaya padmavati aur kaya kisi rape ki hui bachi ki chinta,0
i am like u too sab hi use hate karte ha apna captain ha,0
aap to jaahil ho jaahilon jeaa attitude kabhi apka fan hua karte the par ab pata chala ap dil ke buht kaale ho hate u,1
agar rape ka comment padkar thodi si bhi sharm ati hogi tuje apne logo pe to apne pair se chappal nikal kar apne muh par marna,1
wah modiji ek taraf seeta mata ko poojtey hain dusri taraf apke raman malik saab ko jind me rape hui bachhi me honor killing ka angle hone ka andesha hai 6 din me 8 rapes hue haryana me aur khattar saab ribbon katne padmaavat ban karne ya cow protectio me vyast hai wah ji,1
teri behen ko sadak pe nanga karke instagram live karunga,1
jo insaan pyaar bant ta hai wo nafrat ke lessons kaise de sakta hai,0
khud to dusro ka dil dukhate h log aur badi badi batein karte hai but kehte h na nafrat kabhi nai jeetti and mehar you n your hina lost,1
apne national anthem ko change karo and yeh line add karo chutiyeh zammen shaban terristo ka yeh jahan terrorism itna phela hai ke koi company porkistan mei aatie nahi sirf terrorist aate hai osama jaise,1
aaj pakistan ka rape ho ke rahega,0
kashmir main tum log jo kar rahe ho wo terrorism ni hai jahil insan,0
gand marne ke liye chal ab bye chinal ke kal pure mulk ka bhi rape hojaynga tere wo bhi dekh liyo ok,0
i hate flopa khud ki shakal to itni bekar hai dusro ko boti hai apni sadhi se shakal dekh ja ke mirror mein ghost dikhegi koi,1
jh k3 pissoo,1
iska acha rape hua tha iska aur iske dost ka last ko dono sorry bolke chale gaye koi nhi aya tha bachane,1
shrikant ji up me bomb ka terror akhilesh yadav party ki nakami hai,0
bhai tu toh bilkul kiddo lag raha hai,0
k tt y r0n,1
nai nai nafrat q koi kary ga itny ashy friends hain aur ap khud bi bhout ashi ho,0
arey thoda healthy kha yaar,0
r k3,1
kisliye shukr genocide rape slavery damage ke liye yahi to islam ne diya duniya ko,1
mr mukesh ambanee madarchaod terre betee nisha ushkee gaand kisee aur se marayee air baolee mai rape,0
kahin inke uksanesehi nahi huye rape aur murder,0
jiske haath muslim ke khoon se range ho uske bhakt kabhi patriotic nahi ho sakte just ashamed on u,0
i hate hate hate hate this filthy woman lopamudra koi bhi angle se lagta nahi india ko representkihai,1
i always hate khan s to aise tweet karke akkal ke tare kyun todte ho,1
i hate him isko sirf insta family dikhti hai buri baat,1
arey tu toh trend follow karta hai bolta hai main trendsetter,0
aaj shriman jin 4 candidates le liye vote mangege unki degree he gang rape murder money loundering rangdari vasooli pic twitter com m6dzfnitpb,1
teri maa ki chut mein agra ka taj mahal bana dunga,1
yeh toh bilkul bakwas plan hai,0
arey tu toh party animal hai ghar pe akela pizza kha raha,0
islamic terror faila rakha ha india me inhone,0
adibasi 4 mahila rape hua kuch samaj birodi k haat adbasi sab gusse may saher may aakr gussa dikhaya plz coverge kigiye raiganj 733134,0
lawde lag gaye tere,1
teri maa ki chut mein firecracker daal ke happy new year bolunga,1
isi bewkoof kejriwal ne jnu me un logo ka support kiya tha jo bol rhe the ki army rape krti h,1
wale log jante hai par atankwadiyo nafrat failane walo ke liye meri yehi language rahegi,0
chingri ko hate,1
ab khush mujhe lga you hate sachin isliye sab hta diya,0
aur akhilesh time me jitni ladkio ke sath rape hua aur murder hua usme teri bahan hoti to teri bhi hekdi nikal jati,0
konsa desh chahta h rape suicide ho,0
me mang leta hun me kisiko dusman banake nhi rakhna chahta dost bana deta hun pehle ladai uske bad dosti i hate negativity,0
bhai tu toh full youtuber banne chala hai camera nahi hai,0
haha tu toh full backbencher hai,0
kya mahilayo ka koi samman nai up me agar hai to jinke upar rape case chal raha h unhe ticket kyu,1
us jamane k anpadh ganwaar logo k liye banaya tha registaan se chal kar samtal pathaar m fel rha h bina mtlb thopa ja rha h i hate it,1
tu toh chhoti baat ka bada issue bana deta hai,0
haha tu toh full chill life hai teri,0
bhoot,1
phir chae wo ander se hate kre,0
bhai tu toh full shopaholic hai bolta hai sirf dekh raha hu,0
kutte ki dum tedhi,1
madrch0d r00l3z,1
please my humble request hay usko kuch bhi pata nahi hay jo uske sade huye bheje me aayaa vo sade huye mooh mese bak diya i hate you nigam,1
sir we love kashmir and kashmiris i am no warmonger khoon dekhkar to ulti aati hai par unko chahiye kya kya bigada hai humne,0
khoon chala from rang de basanti,0
aap ko koi hate nahi karta manveer ji,0
aaj twitter par kuch zyada hi hate tweets hai,0
bhai tu toh bilkul ladki jaisa behave karta hai,0
saudi arab wale rules laao fr baat banegi rape ki saja me bechara usse hi hath dho baithega,0
bhai pe ek ladki ne rape case kr diya hai jhutha,0
aj amitabh ne dikha diya kala dil jis ka hota hai wo safaid nahi ho sakta i hate you,1
koch din phalay tu nay bakwas ke thi na terrorism pa b c apny agent bajty ho ma wo pakray jaty hain phr manty nai ho rondu,0
tu toh full entertainer hai yaar,0
aaj terrorism k sath tmhare ghar warh jayen ge,0
dikhta h kon loser h kal dekhna tumhaari bandagi and puneesh jaayenge jail then majja aayega shilpa bhi khoon ke aasu royegi stay strong,0
ham rape sirf pakistan ka karte h katto aur tumko hamse hi karwane me maja aata h bhikhario 4 ko karaya fir aagaye chudwane bhikhari,0
puneesh is really very bad person insaniyat hain hi nahi usmei vikas ne usko yaha tak laya varna vo kab ka eliminate ho jata hiten ke jage voh jata hate him,0
pagal tumhari ek bhn ki izzat luti thi ram raheem ne jise rape case main sja hue h aur tum uske against the haryana main yd aya doob k mr ja,0
khoon rang laye gaa inqalab aye ga,0
shit phir se feelings aa rahi hain gaaliyan deney ko dil karta hai dil khoon ke aansu rota hai merey,0
kon kon hate krta hai mujhe jaao gaali do na,0
hamesha abroad me rahne wale hame sabhyata mat sikhao nafrat ko failne wale singing me kuchh nahi ho raha to politics ki taiyari,1
i hate youuuuuuu haramzade meri unkahiii baat kya be jo keh rahiii hun vo sun himmat nhi hai na tujhme sach sunne ki thuuuuu,1
bhansali ko jhapad pada to saffron terrorism,0
arey biwi ke aage toh darrta hai,0
larkiyan time pass nh hai wo to sacha pyar chahti hai apna haq chahti hain time pass nahi kyun ke,0
randi ka aulaad rohingya muslim tumhari sister ka rape kiya kya jo itna nfrat hai unse hizda ki aulad insaniyat tmhare nhi h,1
lakhoon k hisab say rape hote hain india main apni ma say pochna tu bhi kisi rapist ki aulaad tou nahi,1
ek basti ha jise log kashmir khate ha pic twitter com yhuq7tn5kk,0
terrorism hum kartey hey khud to jese angel sari barbadi sari tabah ho wo bhi hamaray mulk mein sharam to nhin he insha allah hum jeete gey,0
mai ye vahiyat foto share bas isliye kar rahi hu ki ladko ko samaj me aye ki videsho mai ladkiyo ko kitni azadi h waha rape bi nai hote pic twitter com ku4e4vdvtk,0
jab pappu khan saffron terrorism bolta hai tab hinduoo ka apman nahi hota hai chee papu khan kay pidi,0
bhai ht padho gang ka bhanda fod hua hai fake rape ki report karke vasooli karne vaale 5 cases the,0
chute,1
bhai tu toh bilkul filmy villain lag raha,0
nirbhaya rape case main protest karne walin pe lathicharge kaun krwaya tha,0
bhai tu toh full attitude hai dimag nahi,0
modi ji se phoocho 2014 se government job mai joining kyoo nahi ho rahi hai to modi ji baag hate hai,0
ye tere dalit bhai hi he jo rape karte he,0
farooq bhai jitne bi beiman log hai er rashid jaise un sabko yahan pe tag karo unke ankhe kholo cant believe hizbul ne hurriyat ka rape kia,0
kya be bhagwa bhand garib mahilao se blatkar atychar tere sanskar me hae tere narbhachchi raj me dalit nirbal se rape 200 bad gya,0
abey fake arab apni behen ka rape karke thak gaya tum arab nahi ban sakte tera dna hindu tha aur hindu rahega blood test karwa,1
yad hate hi honke pic twitter com a2kpeq2xqh,0
tere jaisa chutiya maine nahi dekha,1
bhai tu toh bilkul comfort zone ka king hai,0
vividha can be angry on atharv can hate him but atharv ke allava kisi aur ki no,1
i don t hate shilpa tum zara socho bina kisi galti ki tumhare upar koi itna bada ilzaam lagaye,0
bawli booch mein hindustani hu teri tarah isi ka agent nhi tu aur tera baap krta hai nafrat ki rajneeti hum to bhaichare wale h,1
teri behen ke boobs pe 786 likh ke mosque mein chadhwa dunga,1
chodu career,1
par priyank se itna hate kyu,0
bhai tu toh reel pe slow motion chal ke hero lagta hai,0
a rape pidit gareeb mahila ek sal se bhatak rahi hai nahi mila nayay police protection mila hai accused person ko kya karenge pic twitter com 3bj9ptox52,1
haaro ge he inshaa allah terrorism phelane me bhi aur kal ka match bhi,0
haters ka kaam hai karna hate,0
yahi to khoobi hai pseudo secularists ki sir,0
agar kisine compare karne ki kausis ki,0
teri maa ko salaam,0
magar jab rape murder kishan hatya ki jati hai,0
toto,1
agar hindu terrorism par aaya to bhagte firoge ek aapsi rajnish ko hindu terror ka naam dene wale dr narang ke waqt kaha mar gaye the ye selective secularism nahi chalega,0
sari duniya hate karti to 56 islamic desh nhi hota aaj haar roj duniya me average 15 log muslim kyon ban rahe hai,0
rape par ek sakht kanoon kab banega,0
kya hoga ya bhai itna hatred,0
rape karne wale hamare sarkar hamari pulis hamari kisko pakde kisko chhode hamari marzi,0
tere baap ka lund kaat ke pencil bana ke tere exam mein use karunga,1
nafrat km aur pyar badhate raho merry xmas,0
bhai isko malum hai ki iski maa bhahen ki ashram mein ijjat kheli ja rahi hai per kya kare inke waha rape ki prashad bolte hai,0
bh0sd k3 n,1
at least kisi ko female hone ka taana nahi marte aur wese rape k leay tou no 1 hai he,0
ja apni bhahen ka rape kar warna koi sanbhu apni bhahen bana ke rape kar dega,1
tu toh goat hai,0
just saying k agar war on terrorism ek kahani hai to ye thread ek major spoiler hai spoiler kya is se zyada ab kya bolega,0
tum kyun hate karte ho usko,0
badboodar,1
aj ai nijum raate mone pore she fale asha din gulo kotha mone pore she sobuj a path mathe tmr hat dore hate chola din golo,0
maa ka lafda,1
bacche kabhi kabhi rape karlete hai bechare,0
aap srk k fan nai ho oska naam q harab kr rahe ho woh world ma pyar banta hai or aap nafrat ki baat karty ho bakwas na kr,0
bhai tu toh reel pe reel dekhta rehta hai,0
randwe ka startup,1
mammey,1
bc terrorism ko kis se compare kr rha h,0
jb un ghatiya logo ne navratri k dauran saikado kanyao k rape kiya to aap andaj laga sakti haiki aanewala waqtbetiyo k liye kitna bhayanak,0
jaisa shaadi mein ek family member hamesha hota hai us taran pakistan aur terrorism,0
u might wanna die coz porki can t even get well porki pana aur terrorism tumhare core mein hai tum log har jaga innocent ko kill kar rahe ho so plz marjaao aur apne abu ko bhi mardo take aur dhadewali na peda kare,1
kam sey kam budapa mein to sudhar jao yahan koi rape nahi ho raha tum muhajir baloch aur pashtun ki chinta karo,1
bhosdi ke,1
bhai tu best hai,0
navratri me bhi rape kya yahi hai aapka kanoon taqleef hoti hai sir,0
tu toh full talented hai yaar,0
aaj papa ne bete ke liye kurbani de di jao khush rahe beta bas ab terrorism phailana band kardo,1
sorry all of u sisters ye sarkar kabhi nahi chehegi ye wala niyam laagu ho kyunki 80 rape in leaders ke jaan pehchaan hi karte hai pic twitter com qw2bvivqqn,0
ye love hai to kya hum hate hain,0
haha tu toh full bindass hai,0
mullekatue,1
teri behen ko gb road ka opening ceremony karwa dunga,1
arey tu toh swiggy se diet food order karta hai phir coke add kar deta hai,0
btw i hate your jesus thing bhosidika jinki merko kisi din gaand todhni haramkhoro ki unko bacha raha,1
teri maa ki chut mein holi ka pichkari ghusa ke rang barsa dunga,1
kal ka debate dekha aapka kaise karni sena ke log ne aapko dalal aur bjp ke speaker ne anchor terrorism kaha bahut bura laga ye dekh kar ki kaise satta pe baithe log kursi ke nasha me choor hai,0
arey tu toh full philosopher hai gyaan free mein pelta hai,0
such kahu to kisi female ke baare me bura kahne me mujhe bura lag raha hai but kya karu ye kaam hi aisa kar rahi hai khoon khol jata hai,1
fawad ch wo bhai hai jiski behen ka rape hu raha ho tu boley ga behna mein ne tu bola tha sleeveless na phena aj woh bhi pink lanat,0
rape chori dakaiti murder jatwad itna badhane ke bad pm moooodi up ko aage badhate najar se dekhate hai,0
abi rape ka details dene jaunga to tm 2no kahoge ki majhab bich me la rha hai ji haa mostly rape me tmhre bhai hi accused hote hai,0
aapki speech suna beti ke bare me agar beti ki saadi ke baad uske sasural wale uska murder karte hai,1
kya chutiyapa hai fir kal peepli live wale mulla director ko kyu bari kar diya rape case me,0
taagi padipoyina amayini cheste rape e avuddi,0
teri aapi ka rape ho gaya,0
i love chai jab muje bani banaye mil jaye,0
modi ji kya uttarakhand ke yuvaon ko army ke alawa koi option nahi hai kitni gharo main matam aur karwana hai it s shameful that we have lost so many youth due pak terrorism we want answer i know it will again be ignored,1
bhai ye batao tum ji murthal rape case ki baat kar rahe ho wo rape case mein tum high court se aage hogaye,1
ars ye kya hai kucb or nai hai kya bar bar hate you kuch or bol do,0
aap ke godfather jub mistake air strike karke hazaron syrians mardete hain unhe kiu hate nahi karte kiunke wo visa nahi denge phir,0
1 agar terrorism ka end chty hain to apny ass pas k garebon ka khyal rakha krain kyon k go b khud ko bomb se urata hai woh gareb hi hota hai,0
lekin ek gang aur kuch logon ke hone se koi hindu terrorism prove nahi hota,0
kishan ki hatya karne wala musalman nahi tha india me haar 26m me ek rape hota hai wo musalman nahi karta hai hindi apas me lardta h bhaiyo pic twitter com 33uauitif5,1
wese bhi i hate shopping so wese hi kafi bachat hojati hai unki,1
kuch log bol rahe hai padmavat film dekhi nahi phir virodh kyon ek baat bataye rape hone se pahle koi dekhta hai kya kisi ka apman hone se pahle apman karane practice karte hai kya,1
pehele tum log terrorism bandh karo phir america ka visa milega aur duniya main izzat bhi,0
bhagwa atankiyon ne bhi rape kiye hain,0
puri fake hai,0
bap bap hota hai ab apni gaao mata k peshab me doob k mar ka india ka,0
palestinian k hamdard apko kabhi terrorism or pakistan k bare m kehte huye kabhi nahi suna,0
pissu,1
maut ka saudagar bole woh khoon ki dalali bole woh aur gutter zaban sanghi ki waah ji secularism ke chamche,1
u gud people are sharam karo itna dam hai to sare up se sare rapust ko pakro or ek bhi rape hone se roko magar nahi tumhe soft target chahie,1
m ki aankh,1
rape tumhare yaha hota bosdiwalo apni behan se sadi kar lete 10 suar jise bache paida karte,0
6 saal ki aisha banaye jab 50 saal ka buddha uska rape karne wala tba,0
terrorism ko khatam karna easy hay leken agar ham main se har aik mukhlis ho jaye apne mulk k sath,0
yeduurappa is honest jay shah is honest mopalwar is honest prakash mehta is honest a raja is honest adarsh scam nahin hua betiyoon ka rape nahin ho raha hai aapko zara si bhi sharam hai kya jo ab bhi naitikta aur desh bhakti ki baatein karte hai sir,1
i hate bani nafrat krta hu mai tujse tune bhai se attitude se bt ki i hate uuuuu bani kuttiya,1
chacha ap start karte hai phele terrorism ki nath ham ne ki thi or jo kashmir me terrorism phla k rkhi hui ha wo bhi batao zara,0
agr cong hq mein rape hua toh pappu k chamche jisse rape hua us bechari ko bhul jayenge aur is point pr sibal ko bhejenge ki proof ko null n void karwane ki koshish karo coz chupkr banaya gya tha,0
n supporters saying agar ns jaega to sb jaengy kyun bhai baqion ne tumhara rape kia hai k sab jaengy ganjey k sath,0
is ki nachne wali biwi ka rape to nahi ho gaya,0
abhi tak tho terrorism has no religion ka bhopu bachta tha aab kya hua karni sena ke saab ko tu takle terrorist kaise bole sakta hai,1
kis invader teri maao ka rape kiya,1
bicharo ki larai badh mai ji lekin masoom baccho ka death ho jana noida gorakhpur mai rape murder lootera raaj ye kaun sa bichar hai,0
aha pakistan ein police bhi rape kar ti hai,0
haaye tab to i also hate you duniya me sabse zyaada ab bolo,1
delhi ka malik hai na goa aur punjab walo ne rape karke bheja hai varanasi se to nanga hokar aaya tha isko sambhalo nahi to gang rape,0
yup ind ka volume b bara hai,0
wah hate speech ini namanya,0
that s good per kiya ye hosakta he hmre jahalat kamyabi nafrat muhbat ko ek insani amal qarar diya jae or use us bunyad p deal kiya jae,0
yep they hate shilpa more than they love vikas,0
muje shivika k love hate scenes chahiye balti bhar bhar k,0
dont hate you nanhi si jaan aur ek tu woh b,0
to kuch naliya gang rape ya isi agents ke baare mein batao bhakt,0
kashmir mei terrorism chor dein balouchistan chor de aurto ka rape band karei aur toilets lagwa le,0
milne kaha aana hoga paise nhi hai aur emotionly pareshan hun ya to aap aajao yaha mumbai me shelter ka aur rape victims ke liye do project karo nirali korodia animal welfare sambhalegi aur mujhe rape victims ke liye project chahiye,0
ye dekho prashant ko terror ka religion para chal gaya sharam karo,0
haha yahi toh hai tum log jhoot ke sahare zinda ho anpad desh terrorism phela raha hai jake porki kha ke porki,1
kavi raj jis din aapki beti ko koi aapke samne rape karega uss din samjh nhi aayega ki deshbhakti kya hoti hai,1
chintu jee agar insan lajawab ho jay tu osko bat tabdil nahi karni chaiay or eay tu pori duniya janti hai terrorism ko karta hai,0
riasati loug he hy nah jo phir aam worker k rape k baad qatal hone pr mulzimon ki pusht pnahi krte,0
tumhara rape kab hua tha kiran jii aur kitne saalo ho raha hai apko report karwana chahiye be brave aage bado inspiration bano,0
sale harami dreams,1
k hathon rape,0
achha ye batao bihar me dalit ladki ka rape hua hai kuch virodh karoge ki bjp rules state me kuch hone ka wait kr rhe ho,1
itna ganda rape tou hamara bhi nahi hota waise,0
teri gaand jalegi,1
those who say khoon ka aapki soch se kucchh nahi lena fake gandhi varun ko dekh lijiye cm ke liye naam nahi anounce hua toh attack bjp,0
geeta ye nahi bolti ki ladkiyo ka rape kro kisi jeev ki hatya kro sayad aapne geeta to padhi lekin geeta ka arth nahi samjha,0
jo bat ho rahi jawab us k dain yaha rape ki bat hi ni ho rahi,0
mujhe tou hameesha hate hee mila hai,0
akash aur luv ke saath to boht galat kiya but hina ke saath wohi kiya jo usne kiya the that s why i hate pungi,1
teri bhan dudh dindi salyaa sanu dede rape karn lyi apni bhan,0
modi ko hate kar k kitab bechne ka dhandha kaisa chal raha hai,0
bh3n k ch t ph,1
tum jo apni maa behn ko gashtiyon ki tarhan chod dete ho sb se zyada rape aap k cases aap k mulk mein hein meri jaan,0
haro to haro pan izzat mat utaro aaj aap logo ne hamara man samman sab utar liya i hate u virat thoda lagta hai hamari tarah to,1
mai bahut respect kar tha ko dilwale k phele tak jab usne ka tweet dala tabse aj tak hate h hate krta hun aur karta rahunga kismat badi kutti cheez hai saali kabhi bhi palat jaati hai kabhi nhi bholunga jab tak h jan,0
jhaant ka spectacle,1
tu toh full mood swing wala hai,0
apney bachon ki hiffazet kero ye bhi ibbadet hey apney bachon ko quran perhney madersey ya mulla k pass nahen bhajokoiey bacha rape nahen hoga,0
hahaha to apni aurato ko hi rape ker diya kareem 5 lacs east pak ki aurato ko rape ker diya aur jab karne ki bari aayi to surrender,1
flu se naak sarh gya hai yar i hate winters,1
kali,1
to aap ke isare par aap ke mla sandeep ne rape kiya hoga ek minister ne wife ko torcher kiya hoga aur nakli degree bhi,0
bhai tu toh full procrastinator hai,0
arey tu toh shaadi ke liye ladki dekh raha phir bio mein single,0
l nd dh0 k3 n,1
yesss tuka ram prabhu raam ne bhejha tha usko isliye hindu terror game ka end hua shame on congress,1
raipur grp ke teen javano par rape ki kosish ka arop via,0
kya hua hai desh ko langda tha langda hai koi imandari se desh chla lo modi ji bhuut kar li metngs ab to kuch kro roj rape ho rhe h kuch kro,1
bc tera baap hu,1
bhai tu toh legend ban gaya,0
saley ullu chor n rapist tere ghar mai ghusega to tu kya karega bibi ka rape honey dega ya lath mar kar bhagayega kabhi to akal lagaya kar,1
dhawan ka khoon karna hai mujhe u have the address,1
gujarat bjp ke karyakarta ne rape kiya he vo khabar chala apni news par desh ki khabar bata naliyakand ke bare me,1
pichle 2 month se jio ka net 50k s se jyada jata bhi nahi hai kuch bhi online dekhe to buffering ke bina sambhav hi nahi hai,0
jub kis larki ka rape hota hai jaisay aj kal pakistan main ho raha hai to woh mar jahi hai hain air us ki tadfeen kay bad aziz o aqarab un kay ghar jatay hain aur us kay walid aur qareebi rishtar ko kay sath afsos kartay hain aur kehtay hain,1
na minorities pe drama banta hai na hate aur bigotry pe drama ban raha hai na politics pe drama ban raha hai aur na kisi aur cheez pe,0
aryan chaudhary par rape ke 2 case chal rahe hain,0
tu toh change hone ka naam nahi leta,0
zahid pk army,0
jis chutiye ne bhansali ko ek thappad lagne par hindu terror naam de diya tha ye sab uski ammi ke shauhar,1
jo bhi karlo kabhi prime minister nhi banega na us k bete ko koi film mileg jitni hate pak se karni ho karlo run veer kapoora,0
ha strong hai kisne bola strong nahi hai fir bi uss dumb rohit ko nikalna chahiye i hate because rohit rahul gandhi,1
kaahe ka balidan khud aiyaary se clash karne jaa raha hai bhagoda akshay kumar pata hai isko padman ka rape ho jaata national holiday pe mard hota toh padmaavat se darr ke bhagta nahi,1
i really hate when girls call me bhai,0
desh me rape pe rape ho the hai judge msti sent so the hai,1
yad rakhana india ki haar ke baad jo indian log phatake fod rhe hai wohi log kal chalake bom phodege,1
h k,1
retired fauji ne patni ki pitaai karne ke baad bistar se baandha naukar ne kiya rape,0
islaye tou chata hu aap jaise humble and mannered log samjay aur samjaye ke tarekfatah nafrat phaylata hain aur kuch nahi,0
abhi tk to main kisiko vote nahi kr rha tha par ab zarur larunga luv ko aur jitne baal uske kate h gandagi aur peeley daat n kasam itni nafrat ho chuki h na agr unhone itni limit tk jana tha toh saalo ko pehle hi ganja kr dete kyun hina n apne baal kate,1
ye lucchi us bechari riya murder ke vaqt kaha gayab ho gayee thi iska jabab is haramjade aapiyo ke pass ha kya kyu ya kejri,1
modi g kab tak humhari sister wife mother ka rape hota rahega kuch karte kyu nahi hai aap log plz is ladki ko insaaf dilwaiye pic twitter com 5vxyeizwaf,0
tum sare bjp wale mil kar mahilao ka rape karte ho aur empowerment ka gana gate ho sharm nahi aati tumko,1
bhai pakistaniyon dushmani toh nahi hume haan terrorism ko jo sponsor karte hai unse hai,0
arey thoda mature ho ja yaar,0
bhai tu toh bilkul champion hai,0
inke pas license hai khoon kharaba karne ka,0
bhai tu toh pro max ho gaya,0
app kaisay aik lunatic ko justify kar saktay hain jo qomyatoon ka naam par khoon ki holi khailta ho,0
abbey gang rape hai ye aur pakistan me hua hai muje paki se kya lena dena,0
murder murder hota hai mai shakha nahi gaya isliye murder condemn karne se pehle dharam nahi dekhta,0
madarson me jaane walon se aur kaisi bhasha ki ummeed kar sakte hain badtameezi aur terrorism hi to seekha hain inn logon ne,1
bhai rivalry no hate lahori karachi bhai bhai,0
ek do ghatna se terrorism ka hona proof nahi hota terrorism ek continuous phenomenoa hai aur organized,0
potato i hate milagai bajji i eat only vaalaikai and potato bajji,1
bhai tu toh raat bhar sochta rehta hai,0
vahiyaat,1
tere baap ke balls kaat ke bouncy ball bana dunga,1
ye fauji na houn toh hindu roz tumhare maan ka rape karein madarchod kuttey ke bacho,1
rape cases me capital punishment ka major scope nahi hai uske bawajood itna jyada misuse hua rape cases ka esliye females bhi oppose kiye,0
waise jeet gaye apne kaha tha jeetne denge to terrorism band kar denge,0
niyog pratha optional he kisi pe thopi nhi jati lekin tum mulle apni ma behno ka rape karvane khud chor k ate ho kya purposes he,0
ho hi na jaye nafrat ho jaye to sara issue hi hatam,1
chhola,1
koi ghotala hi nahi hua manmohan singh ke time sabse tez development tha main koi congress se nahi hu i hate congress but jo hai toh hai note bandi ne desh ko barbaad kar diya,1
haan i hate laal rang,1
to terrorism khtm kro,0
i hate this person jo desh ke rastra gaan ko ijjat nahi deta usko indian team me bhi koi jagaha nahi deni chahaiye,1
l0d3 pe thappad,1
haha tu toh full jholer hai,0
ek rape ke kisse se bahu betiya guj mein surakshit nahin aur din ke paanch rape ke bavajoot delhi toh surakasha neeti ki misaal,0
tum logo ko dete hunge paise tum logo ko humare mulk k baato me kyu itna interest hai ohh samajh gaya tum logo k mulk me ab kuch baat karne reh he nahi gaya hoga sab kuch terrorism se he shuru aur nahi khatm,0
teri maa ke muh mein lund daal ke happy holi bolunga,1
itna bara zulm is zulm k baad tu hitler khud chal k aaya hoga apna student banane k liaye,0
l0d3 l,1
chatani,1
teri behen ko school bus mein hi gangbang karwa dunga,1
randi baazi band kar,1
mi tu kisiko hate nhi karti kya bigaada hi apna,0
es army ka maine bohat sath diya lekin lahore attack k baad mujhe es khusri army se nafrat ho gayi hai enkay pas atom nhi,1
kabhi kisi ka dil mat todo kyunki crime patrol me 80 murder dil rodney ke wajah se hoti hai,0
tu toh ab bilkul uncle ban gaya,0
kamina sala har waqt tang karta hai,1
guest house me rape ho kr qatal hui hn,0
keep it up bro,0
mai bhi pehle secular tha lekin life ke ek incident ne mujhe badal diya mai nafrat karta hu musalmano se,1
teri behen ka career,1
maa ka bhosda,1
notice se inko daar nai lagta bhai ye to rape k case me chal rahe he,0
sir mujhe roj news me womens rape ki khabar milte hai eske liya kuch sakhat rules aur banana nahi chayiya hum log bhi safe ho jai,0
randi ki tarah gaadi chala,1
kabhi kabhi logon ki nafrat hi insan ki strength ka reason hota ha,0
han be rapist muhammad ke follower madarchod paegambar muhammad ne 6 sal ki ladki ka rape kiya tha or wo chutiya tumhara god hai,1
kani fan koi bhi dikh jaye iske dramas se bttr hai i hate such negative peeps,1
teri maa ko nanga karke youtube channel khol dunga,1
too much hate haih,1
anil nagpal jo kundali ka v writer hai uska dhiyan ab kumkum se jyada kundali par hai i hate kundali yr,1
bhai nakli sardana abba ni wo khala hai terrorism or ye kathmulle haalala ki nazayaz aulaad pakistan waale dogis,0
tum to apni hi sagi bhanji ka rape kar rahe ho unke liye to sharafat bacha kar rakho wo to hindu hai hain baqi love jihad ham par chhodo,1
kashmiri pundits ne kya gunah kiya tha jo unka rape murders karke unko zinda jalakar bhaga diya tumlogo ne they arn t innocent,0
yeah sab milay huye ji ec sc sab aap see hate hai ji,0
rishi kapoor sahab agar ap hamare mulk ko terrorist kehte ho tou hamare mulk may terrorism indua hi karwata hai,0
haha tu toh full comedy king hai,0
tu toh bolta hai main control mein hu phir nashe mein gaali deta hai,0
ch t y n3t,1
bhai tu toh full vibe hai,0
bhai tu toh bilkul genuine hai,0
tumhari aukat guy ki moot peene ki hai sale guy ko mata mante hai fir uska rape karte hai,1
mohabbat ky pardy mai karty ho nafrat,0
virat bhai agar haar na hi tha to south africa se haar jate pakistan team se harne ki kya jarurat thi i hate your captaincy,1
madam ne apna sara khoon donate ka diya hai,0
hahahahaah haan samjh gaya tha mn bari bt hai aisi hoti nhn hen girls i hate this dhishom dhishom hahahahah,0
arey tu toh propose karne se pehle block kar deta hai,0
i ve no problem with haters but hate se zyada apne idol ko pyaar bhi kar liya karo toh accha rahega na,0
agar desh me education bardega to rapes murder corruption kaam hoga,0
pakistan ka ahsan hai indian par tumhain khairat main jeet dete hain hum or terrorism ka sab se bada supporter khud india hai,0
okay use bata dena ki i hate salluu,1
terrorism ko khtam kro ram mandir banvao ye percentage 80 ho jaegi kyoki 20 to muslim h,0
tu mera motivation,0
teri behen ki chut mein dard hai kya,1
nafrat phailane wala ye propaganda band hona chahiye,0
jai trop hate putain,0
terrorism tumhara kaam hai baaki rahi rap ki baat sabse zayda rape us mein hote hai 1 2,0
per ajmer ke nal goodam ke addhakri un booster pump ko nahi hate rahe hy or na he un per koi karwahay ker rahe hy ajmer lakhen khotri,1
kya btane wale ka rape hua he,0
islea rape hote hai,1
sale chutiye ek ladki ki ijjat karna nahi janta hate u from nepal,1
teri gaand mein mirchi,1
main kab popular ho gayi bhai aur tu mujhe hate karti hai,0
are rohit ji kabhi bjp se bhi puchh lo kaha terrorism kam ho gaya sucide kam ho gaye,0
lund lele thok ke,1
saala,1
salman ispe kyu nahi bola lopake liye to har baar protactive ho jata hai hate him luv baani,0
are bihar par dhyan dijiye daily murder ho raha hai jungleraj wapas aa raha hai,0
news reporter valo ko baat karna nhi ata jab bhi vo honest prime minister shree narendra modiji ke baare me baat karte hai to vo log sirf modi kahke baat karte hai i hate this type log khaskar aajtak vale,1
aaj jo tumne kiya hai na manu anty iske baad i hate you,1
tu toh kaam ko kal pe taal deta hai,0
oh shit i hate ruqee,1
jhaant ka chashma,1
bal thakray muslims k against jo kar rahay usko kia bolain ge,1
ye rape case bacho barna begunah ko police muqablo main marwana ye baruni hat mulavis hain or gov ko b sab pata hai,1
kisi ka rape ho jaye to wo pehle hi mar jati hai or aas pass ki aorten saath dene k bajaye taana de de kar maar hi daalti hain,0
ullu,1
vote ke liye bjd walo ne yanhape booth jabar dakhal murder kiye aap aese jadu chalaea ki 2017 me president rule odisha me lagu hona chaehe,1
i hate those people who play mind games bhai jo masla hai moun pe bolo fuzool k mind games khailnay ki aur nakhray karnay ki kia zaroorat hai ajeeeeb,1
tu jakar apni bakriyon ki our gadho ki our apni panchayto ko rok jo jo ek kadki ka rape karwatebhai pure gaav ke saamne,0
chavhanke toh roz rajnath se milta hai nahi milega fir rape case reopen ho jayega,0
president post ke liye bhi raajneeti karte ho i hate this party dalit ko vote maangna election ke time,1
are you sure multan me larrki k sath panchait me rape karwaaya kasoor me 130 se ziyaada b child abuse hui model town k logo ko qatl kiya gaya hospitals k baahar aurten delivery kar rahi n kasoor me protest karne walo ko qatl kiya aur bhi boht hen lekin ap ko smajh nahi ani,0
bharat ko aazadi dilane mein ww2 ki bhi khas bhoomika rahi hai aur ww2 hitler ki wajah se hua tha to gandhi ke saath hitler ko bhi yad karo,1
love you bro,0
bigboss na akhri wqat par voting rule change kar diya aur inform bhi ab kar raha ha i hate this,1
acha bc jab duniya mey mard log jo 7th saal ki bachi ko rape kardeyte hi aur jaan ley le try hi uska toh vo kuch nhi hi ladki adha kapadey pehney toh zulm kaisey log hi desh mey chi,1
tumlog ladkiyo bhed bakrio ki nazar se dekhte ho jaha mile sirf rape karne ka aur mera madarsa aurto ki izzat karna sikhata hai rape karna n,0
kyu bhaiya uske bhai ne rape kiya laga tere bhai ne rape kiya wah wah jo tum karo wo teek bjp kare toh kharab,0
aur nahi toh cows aur karni sena se vote maang lena kyunki aapke rajyon mei toh aurton ka sirf rape hona hota hai na yehi toh chal raha hai haryana me ya to movies ban hoti hai nahi to 6 days me 8 rapes hoti hai aur crimes ka evidence tamper hota hai,1
pucchi,1
i hate heen khaan ye video maine abhi dekha kuch galat nahi bolla usne kun itna bada issue bana rahe ho sab sach baat bol rahi hai wo jo hum aur aap bhi bolte hai heena ke hater hone ka matlab ye nahi ki kisi bhi baat ka issue banao,1
behen ki loudi tumhare me to legal rape krte h bhai behen ka chutiya,0
tu mera real hero,0
sabhi cheezo me hum log tumse age he sirf ek cheez jo tumhe world famous karwa raha he wo he terrorism,1
bro ushaanza kum hate dogo,0
wah rashan card banvane ke name par rape krne mms banane vale khud kajri babu par alligation hai aap me sab rapist hai aur chale sikhane,1
mey ek week mey teen bachchiyo ke saath gang rape hue par hamari aatma ko ye khabar jhakjhorti nahi kyunki paththar ho gaye hai yahaa insaan sabke sab gunaahgaar betiyo ko is tarah bachaoge,1
hamare foji jawan shaheed ho kar bhi haar jate hain ar dehshatgard mar ke bhi jeet jaate hain utter reality of terrorism in pakistan,1
reject karna tha to seedha bol deti murder karwane ki kya jarurat thi,0
girls hoti hai aesi kya,0
kyunki unhe chillane pe trp milta hai uske baad woh jhoot nikle toh unhe usme interest nahi rehta,1
ab hina fanz mere bhai ki fake id bnake ghum rhe i hate them,0
i hate dhanapur,1
doori no hate karda se,0
or tab maza ayega and priyank ko bhi sabak milega dosti mei gahdari ka priyank must be out for sure hate you priyank sharma and vikas tu bhi jayega,0
gov employee ko nikal do sab kam to ab indian army ko karne pad rahe hai salute to indian army hate to gov authority,0
bahu betio ki rape aur hatya bhi record tor ho raha hai is per aap ka dhyan hai sach batana,0
madam ji hate krne k lie phle 50 seats le aao loksabha m,0
bani k sath galat hua h i hate u both mannu n manveer,1
accha dekha ha hum na kon surakshit ha kon nahi aya din to tum log apni ma behnu ka rape kr reha ho news dekha kro,1
bihar vijaipurthana police bauhat hi bada kand hone pe risvat le ke chut hai ek ladki ki kidnap kar ke rape kar ke murder kar diya gya hai vijaipurthana police mila hai mukesh kumar bade babu jo 12 lakh rupya le ke case ko daba rha hai pic twitter com jl1dkoqvdt,0
everybody ignores such brutal rape cases,0
bhai tu toh full ceo of sleeping,0
aur jo hate speech kuuta karta hai us ka kya hai himmat to defend kro usko,1
congress ki sarkar gai usko 3 saal ho gaye par kuch bikau media aaj bhi wo nhi bhul paye chattichgadh 16 mahlia par rape huwa waha chup,0
modi se phoocho kisaan bhooka mar raha hai modi ji bhag hate hai,0
banda ek baar soch le ki chal khud ko indian man lun lekin yaar yeh lynching rape gau mutr is sab ka bhoja kaun uthayega,0
muje seasat se bhot nafrat hai phans gaya account bana k jab open karun account hazer imran nawaz humza sub ki he post aa jati hai,1
fawad ko koi kesay hate kr skta hai,0
jab bhartiya mari ki asmita roj rapists dwara tar tar hoti hai tab apki raksha karne ki kshamta kahan chali jati hai sabse jyada rape rajasthan me hote hain aaj ki dekhiye hazar saal purani kahaniyon se prerna leejiye,0
iss tarrah na ahli nahin no sakti haan kisi pr rape ka ilzaam lagwa do tu shayd,0
tune apni bhahen ka rape kar raha tha to teri bhahen ka rape karne mein tere dosh bhi hoge,0
brahma ne apne bitiya ka rape kia uske bare me kya kahoge,0
teri behen ki gaand mein rocket daal ke nasa join karwa dunga,1
tu toh hamesha top pe rahega,0
to kya 12 saal ki hote hi ladki rape bardhasht karne layak ho jaati hai or rapist ka gunah kam ho jata hai bahot achhi soch hai,1
see again aap na apni hate nikalo uskey baad baat karengey,0
kutte to tum ho tum jaise log terrorism ke alawa kuch ni jante shame on pakistan,1
aaj phir ek raajneta aaya aur mere shahar ka rape karke chala jaayega,0
teri maa ko randi bana ke uska menu card print karwa dunga,1
bhai chai wala ka endian state sponsored terrorism in pak n kashmir band karyo sab bariya hou jaye ga,0
k budhe baata nakko kr tum log jeeto hazar baar jeeto it seems they won and terrorism bhi kahi dikhayi nai dera they re all one,0
bh k3 dr3,1
arey tu toh diet pe hu phir biryani order karta hai,0
ap mazamat karo kashmir main honay walay zulm ki agar rape purana ho gaya hai to,0
acha choddo yaar tum log jeeton aur hazaaron baar jeeton per sirf maa behno ka rape krna band krdo muje haar manzor ha,0
she is very cunning person apne bhasan se ghar walon ko fasa liya bani se bahut jyada bura isne bola tha i hate u,1
hum to jeet gaye rishi kapooraaaaay ab washroom mein ja k terrorism karein,0
tu toh bolta hai mere paas gaadi hai scooty hai,0
ye to kuran ka rape hai,0
fir bhi hindu terrorism secular logonko najar ata hai aur yoga me communalism safronisation unka yoga virodh hindu virodh nahi secularism shanti sandesh samazna chahiye,0
aj india me baap beti ka rape karta,0
fir to apme or congress me farak nahi 2019 me koi option dekhege dono muslim support karte ha vote bank ke liye i hate namo,1
i hate that frdship bani is selfish woh kise ki frd nahi bna sakta 84 din tak bani ko nitibha nahi dekh kya,1
tabhi india me roz gang rape hoty hain kyun k sab ko baap banny ki jaldi hoti hai aap ki beti k sath hota tab kia karty tab baap kon hota,0
teri behen ko sadak pe nanga karke live stream karunga,1
my dear yehi shayri han bus farq jo baat kahnhi sakte unko shair main dhal dete kuch samajh hate h aur kuch,0
betay abb pata chala baap kaun hay kashmir may terrorism bund hona chaiey warna jald hee ye hee haal karien gay tumhari fauj ka,1
i hate these muslim molvis n hindu babas jo dusro ki khushiyon ko daba ke khud itne maje lete he chupke,1
lage hath ye bhi bata dete ki uspe canada me rape ka case hai baap cycle repairer aur iska pratyashi beta 4 wheeler pe chalta,0
i don t hate let them love apna kya jaata hai,0
nautanki mera hate is not so kamzor ok tui bhool gayi hogi mujhe,1
keval rape seen dikha k trp lutte hai ye petrol wale,1
ji mujhe to sardaron par bane jokes bhi pasand nahi i hate it,1
i hate vikas gupti plz shilpa ka naam is bandar aur ghatiya aadmise mat jodi,1
jiska khoon ek movie free mein dekhne ke liye ufaan maare wo rajput,0
bt acche se hour karo to dekhoge shilpa bura insan nehi bohot hi acchi he hate ko dur krke zara mn ke ankho se dekhoge to pehechan paoge by the way ap vi acchi ho god bless you dost,0
modi ji ka khaadi pe photo tumne gandhi ji ko hata diya blah blah,1
sirji yuvano ko 2 carore jobs kishano ko dabal daam or ladkio par ho rahe rape ke baare me bhi davos me bolonge,0
to aaj se i hate mitha,1
warrior bhai masss too much lovers haters yaha to hate karne wala bhi koi nahi hai,0
inki party ki auraton ka to rape kiya jata hai,0
tu toh bolta hai main pro gamer hu rank bronze,0
haha so so so true aise hi nhi i say ppl aadhe hina karan show dekhte hai chahe hate hi krte ho adhe hina karan shows mei jare hai jinko kutta bhi nhi puchta aur mu fer ke chla jata hai hina is fab,0
bhai tu toh full confused desi hai,0
isko kon vote kara ga hate him,1
bhai tu sach bol raha ya acting,0
is gandhi pariwar ne to bharat maa ko apni bibi maan liya jo chaho kro but kutto bibi ke sath rape nhi krte ye to jante ho,1
idiot told a reporter tumhari ma behen to nahi rape hui na phir kyo fikar karte ho sharm se doob mar saale,1
tu toh nayi cheez try nahi karta,0
u p sapa sarkar ke mukhiya jab rape aropit mantri ka jan sabha me smarthan karta ho mahilaon ki suraksha ka ashvasan ek dhokha,1
ch t y3 p3opl3,1
india jo kashmir main kar raha he wo nai nazar ata apko bachon old man and women ko shadeed terrorism ka nishna banata he bullets gun bhool,1
15saal lalu ka jungleraaj bolne wale khud 15saal se nautanki raaj bihar me kayam kar diya mahajungleraaj bihar me chal rah ahi murder rape under sum light are common now its called vikas hota rahega,1
ghanshyam tiwari se poochh lijiye badayu rape kand ka doshi ko pakda gaya ya nhi,0
nafrat ki aag ko muhabat ke lahu se bujhaa dena fitrat hai hamari,0
ainvayi ni kehti m k tu meri sachhii wali dost haiwe hate them yayyyyy,1
sab to yahi bolte ki hitler hu mai kitti sweet hu waise,0
tere baap ke gaand mein statue of liberty ghusa dunga,1
haha tu toh forever alone category mein,0
kuch esa kr bhai log hmesha yad rkhe help niche tk phunchni chahiye bich vale kha hate h,0
toh 12 saal se upr wali kisi ki maa beti nhi hai ya unko rape ho koi fark ni,0
terrorism to ap log hy humreye kasmer bhiyo par zulm kartye ho ap se big terrorism khon ho ga sab se ziyada reap kaha hote hy rishi sir,0
tere baap ke balls kaat ke bouncy ball bana dunga phir,1
kaha mar gae uncle olad ne bap ka rape kar dala aur ap chup ho,1
is bc ka tweet padha kisi ne meri to hasi hi nahi ruk rahi shubhangi ji se hate karne ki koi wajah nahi to shubhangi ji ko pagal bata raha hai aise hi shitpa ke fan nahi bana tu,0
is ko sar e aam phansi do phir lag pata jai ga is ki hero giri sab nikal jai gi or jo aise hero banna chahte hai un ki bhi,0
zyada hogya hai rape se aagay nikal gayi hai aj kahani,0
cong mahan bheekh mange of votes,0
i hate this sapna so much itna ghamand kisliye bhai,1
tumhare to terrorism failane aate hain indian army 72 hooron se mila deti unko,1
1947 se to tera rape hote hue aa raha he thore saran to kar aaj fathers day he baap se jaban ladata he,0
arey sirji agar ye logon ko kashmir bhi deh dona phir bhi unka terrorism khatam nahi hoga woh baat alag hai ki kashmir unke haath nai ayega,1
i just hate sahanubhuti dene wale log,1
sanchalk the to tum kese bol sakte ho kisiko uth za bol k aaj tumari vzase hari hey hina ki team i hate you vikas and shilpa,1
kabhi bjp ko bhe badnaam karo madam ya dalaali khaai h bikil hui media ne haryana mein rape ho rahe hain aur khatara sarkaar so rahi hai,0
dekha tumhari mentality hindu jagenge bla bla kabhi to hindustaniyo ki sochte par tumhare ankhon par rss me nafrat ka glass hi,1
tere baap ka lund kaat ke usse flute bana ke harry potter theme bajwaunga,1
aise reasons ki wajesr hi hate badhti hai ind me,0
se cancer k mareez k elaj karwane lahor jane wale mutadid sheri panjab poliec k hate chad gai,0
itni achchi ladki ko koi kaise hate kr skta hai,0
jetnay aap akhlaaq say ghir gaye ho hosakta hai aap agli baari keh day kay ik nay meri bewi ka rape kar leya thaa,0
ye kis ka narrative hai pehlay terrorism r ab blasphemy pakistanion pay na khatam honay walay khauf k saey riasat kab maan bannay gi,0
des me kitne rape hote hai kya kabhi rajput ne talvar nikalkar rajput sharma nibhaya,0
jaa tera makaan uske baam karde bhashan dene saab aa hate hai wo harami terrorist hai samjha,1
dhakkan,1
to baba ke pass kinyu gyee thi jo baba 100 se zyada ladkio ko rape kr chuke h,0
gajar mein vitamin c hoty hain jis sey aakhon ki roshni bharti hai aur khoon blood saaf hota hai,0
haha tu toh full gentleman hai,0
bhadwe,1
desh hit ki bat hindu terrorism ko badhawa dene wale log krte h to mazak lagta h,0
aaj to salman bhi chupke se bol gaye k i hate hina and agree with fir bhi hina k andhe bhakto ko dhik nhi raha,0
tere baap ko napunsak bana ke fair lovely ka ad shoot karwa dunga,1
raju chandak ki pre planning ko jhute rape case mein fasane ki,0
bro aik marti hoi owrat ko gali nahi do specially jub wo ap ki walida ki ad ki bhi hon i hate noora leag but apni apni samajh ki bat hay,1
pushpa i hate tinde ki sabzi re,1
ye vidya salman se bhut bdi celebrity h,0
chutiya politics,1
ghatiya gandagi gairgujri gulchharrey udaney walo hatred pungi,0
teri behen ko nanga karke rashtrapati bhavan ke bahar protest karwa dunga,1
sala harami,1
tum log karte ho baigairat kaum maszido me bomb blast karte ho afghanistan me terrorism phaila rakha hai saalo tum logo ne,0
saale tujhme tameez nahi hai,1
hate trigger wahi karti hai uske show me bhi chubti thi or yaha bhi,1
jee bilkul farz hota hai lekin phir maa baap ka bhi farz hota hai k woh apni aulad ki khushiyon ka khayal rakhen unke na chahte huye bhi unhe dur bhej kar konsi khidmat hoti hai i freaking hate sabir,1
arre waah osama bin laden k aulaad aaj terrorism pe gyaan pel rhe hai,0
haha tu toh kal se wala insaan hai,0
log music me rap karte hain aur ye bhai music ka rape krte hain,0
bhai ham to gareeb hain burari gaon ke bhole ke bikhari ham to apne bholenath ke saamne haath faelate hain tum piddio jaise bar waali videshan aur sukanya ka rape karne waale pappu ke saamne nhi,0
jhantu ka chashma,1
tera swag alag hai,0
pakistan terrorism support nahi krta,0
imaranjan are isi liye to bar bar bar hate ho india se,1
ek hybrid dna hai rape ki paidaish or ab yaha attitude dikha raha hai,1
kise n hate nhi kiye,0
or waha abhi last rape ki news jo aayi thi or rape ek pakistani ne kiya tha 2 2,0
yr tum negative soch rakte ho kabhi terrorism ko beech may laate ho toh kabhi gaaliyoo se apni auqaat dekhate ho pyar se rehna seeko,1
are wo teri baaji hongi jo tujse rape karwati hongi isme kya hai,0
iska rape to dekhna hai,0
adhan bro edhuvume muzhusa theriyama chumma hate panradhu,0
bumchod,1
tu toh sabko peeche chhod dega,0
tu toh dil se dil tak jaata hai yaar,0
pakistan bhi khareed lena jab aukaat itni hojae magar pehley in paison se toilets banwao or larkiyon ko kapre pehnao poori tarhan taky rape km hon or gandagi bhi,0
mujh bhi rapist ke moo lagnaa ka shq ni rape capital ka citizen,1
pakistan aur iske muzafat main eid ka chaand nazar agaya hai rapist ka rape lmao,0
o madam aapke ghar me ho rahe honge rape salon se free fund mein desh ko kyun badnam karti ho sharm ni ati maafi mango,0
bhai ye tera bhi rape karke khoon kar dega,0
5anjeer tukray kar k pao doodh men ubal k thanda kar k daily sonay se pehle khaya karen,0
murder karne waale ko aachaarsahita ki wajha se action se dur kiya hua hai har,0
sahi baat har aurat mein devi hoti hai to kameene rape kyon karte hai pahle aap iska jabaab do kya honeypreet koi special breed devi hai,0
kyonkti tu woh bola raha hai jo hai nahi muslims terrorism worldwide hai aur tu thop raha hai dusaron par,0
bhaiya terrorism aplogon ne mchai hui ha kashmir me ar ap jse senior artists such chpakr ye comments kren sharm ki bat ha,0
shorba,1
tumhari army nay waha rape aur murders kiye hain,0
mast hai re tu,0
ye tou seedhi seedhi terrorism hai,0
370 hate ya na hate abdullah india me hoke v pok pakistan ka batate hai aur tere jese 2 kodi ki congi chudail wahi kahegi jo congress karti ayi hai tujhe v lagta hai halala ki aadat pad gyi hai islie esa bol rhi hai,0
porki tum to sale apni 6 sal ki bacchi bhi nahi chhodte uske sath rape karte ho fir usi se nikah,1
terrorism bina logo ke support ke nahi panapta kya unlogo ke khilaph koi kadam nahi udhane chahiye jo hinduyo ko killing karbarahe hai,0
ek taraf didi bol rahe ho dusari taraf usi didi ka rape hone ki baat kr rahe ho apna zamir bech k jhutha arop lgayenge h vo kaha ki masoom,1
i have to say i hate khud manu use kr raha hai aur ilzam bani py laga raha hai sara season manu ny yhi kya hai,1
i hate you we need you for shilpa ji,1
nahi aunty mujhe jarurat nahi paregi she hate pizza and i love pizza to kabhi pizza share karane jaisa situation aaya hi nahi,0
damashq sham me sarak kinare nasb bomb ka dhamaka 4 roosi fauji halak 2 zakhmi hitler ka phone 2 lakh 40 hazar dollar me farokht,0
ap ho hi rape ki paidawaar ap kb samjho gay,0
arey tu toh group ka star hai,0
kyaa kiya hai delhi me ab tak camera lgawaya so that rape hote huye dekh sko rape rokne par dhyaan lgao pm ke pap par nahi,0
jihadi,1
so tune chocolate khana tyaag diya,0
tu toh bolta hai ladkiyaan materialistic hoti hai phir khud iphone maangta hai,0
tu toh bas burai hi karta rehta hai,0
ha huwa to h jaghe jaghe gunda gardi mar peet hattiaye rape patrol 80 or aapka apna wikaas janta ko to bhikari bana diya aapne,1
janta to lalla babu kuch nahi hai par rape charges to lage hain na,0
han hate se zada kuch ho nhi sakta dil krta hai aese logo ko gair qanoni saza du,1
mona ko ghar se nikaalo wo bahut boring hai kuch karti nhi bs jb dekho camera ke aage roti rahti hai i hate u,0
aapko patha hain aap terrorism ko support kar rahe hain aap iske liyay jail ja sakthay hain agar authorities fc ko patha,0
teri maa ke muh mein lund daal ke happy birthday gaunga,1
bhai tu toh bilkul crush reject wala hai,0
simple hai koi apna ghar redlight area mein banaega khud racket chalaega tho rape hi tho dikhega na dhandha badaldo sabh theek hojayega,0
bh3n k3 l nd juice,1
rape me bhi no 1 hai 3saal ki betiyabhi chalti waise abb sare kaam aghorioke dedo kuch bhi kar sakte god permtd them,1
sabse jyada crime rape murder delhi me hi hota hai aur tum log bjp ki bat karte ho agar india se delhi nikal jae to desh se 60 crime khatam,1
sir in separatist leaders nay aaj tak sirf aur sirf nafrat failayee hai jis wajahsay kashmiri awaam taraqee nahee kar payee,1
vikas fans hate shilpa hina,0
tuk to gaya na jo ruk gaya to woh terrorism kaise hua aur jo ruk gaya usako tu ghont kyon raha hai,0
bc ye tumhare ravish ke bhai aur congressi neta ne bihar me dalit ke sath rape kiya hai uspe kuchh kahoge,0
mujhy aksar log mohabbat kaha krtay hain tht mean u hate me,0
bhai fir bhi jeet pandawo ki hi hui thi pta hai kyo kyonki shree krishan ji dharm ke paksh me khade the puri mahabharat me sirf aur sirf surdarshan chakr ki dikha tha maharaj barbarik ji ko jo kalyug me shyam ke naam se jane hate hai khatu me unka mandir hai jai shree shyam,0
aapke samay bda mahilayaen surakshit thi sir ji kitna jhut bologe desh se lgta hai nirbhaya rape case bhul gye aap,1
haan bhaaga thaa jaise ki ce ouatimd se darke bhaaga thaa lekin usme bhi rape tere naya baap chakki ka hua thaa,0
hamara maa ashra hi nakaam he q ke punjab hukumat ko agar nakaam kaha jae to kpk me jo asma ka rape hua wo kis ki nakami thi or karachi me nakeeb ul mehsood ka katal wo kis ki nakami thi or bohot se sawalat hain lekin jawab koi nahi,0
saale haramkhor,1
tu toh mirror mein pose maar ke reel banata hai,0
haha tu toh full baklol gang leader hai,0
agar sanghion ki behan ka koi dusra sanghi rape kar de fir bhi ye apni behan ko hi galti manega,1
apni dhaak bithany ke liye sabhi awam ka khoon bahate hai aap ulta bol rahe hain kamran sahab,0
tu apne beheno ka rape krta hoga,1
tu toh pura din phone pe laga rehta hai,0
2014se bharat me dange rape badhe he kya yahi he vikas,1
maa anga gadha kuranyaa thi massala terrorism ah badhalu koh shareeaiy hingaane,0
tab to tumhare hisab se pakistan sabse shant desh hai bharat me kabhi koi atankwadi hamla nahi hua aur rape case to bharat me kbhi huye nhi,0
gud job lage raho modi yogi ke piche salary badhti jaayegi aapke bhai ko to nitish ji ne rape karne ke baad bhi bacha hi liya,0
tu toh bilkul timepass machine hai,0
agar koi solon tak acche kaam kare aur last me kisi ladki ka rape kare to uske bure karmo ko bhula dena chahiye kya yahi sikhati ti humari sanskruti,0
hhhhhhhh beta jake gyan le tu pehle sale baramha ne apni beti se balatkar kiya jabhi tum log aaj usi ko follow kar re ho up me saga baap apni sagi beti k sath rape karta raha usi ki marzi se kahe to video dikhao tujhe usne bola k yah hamare dharm ki parampra hai baramha ji ka ads,1
bo jeet gai itana hate mat kar koi fayda nahi hai ha ha tune dil se virus ko gift nahi diya tabi huya aisa,0
9 ho jate i hate aamir,1
ab allhaa jane pakistan ka kya hoga majhab or peson ke liye terrorism felane bale jab desh ke politics aa rahe hain a sa lag raha he ke jese suraj west se nikla hey chor ke haat mein tijori dene jesi bat ho gayi ya phir kehelo ki billi ko machhli ki rakhbali karne ko,1
teri behen ko sadak pe nanga karke tiktok banwa dunga,1
sr agar barud kam pad jaye topic me to mhamara khoon bardenge makkal mila to in gaddar on ki puri nasal mira dene jai bhavani,1
sab se zaida ashwin ka rape hua hai,0
chal hm najaiz hai tu toh suar ki jaaiz aulaad hai toh apna dna test kara k tera baap kon hai gang rape ki aulaad,0
sukanya devi ka rahul gandhi ne rape kiya or poora pariwar gayab kara diya uss bare me kuch bolna chahenge,0
grammar nazi aye,0
haaaaa a aur rape karo,0
haha tu toh bilkul motu patlu hai,0
tujhe murder kar dungi main,1
jis din tere jaise log kashmir chod denge yeh terrorism khatam hojayega joh apne he logo ko bhadka dete hai,1
kuch to mudda mila bat karne ka warna tumhare govt m to ghotale aur rape chorkar aur kisi mudde pe bat hi nahi hoti thi,0
we will because we can and regarding terrorism golbohshan yadavh bhabi netu singh ko ghomany pakistan aaya tha kiya,0
bhai yeh sena tab kidhar thi jab terrorist attack hota hai yeh kidhar hoti hai jab brutal rape hota hai sad to see this hope they do something for nationa rather than sanskriti kyouki desh nahi toh sanskriti kya karegi,1
muth,1
bacchi chodne vale prophet k pille islam matlab bhadwe aur terrorism gandu k bacche,1
gandu insaan,1
chal pata nhe kitni khae he ek mari to bacho tarh khush rape krdala poora match me 30 over me dher,0
apka i hate you qubool hai 3baar qubool hai hamesha ke liye qubool hai,0
o bhai apni ego aur terrorism ke saath dushmani side pe kr ke logoun ke baary me socho bharwoun,0
tumhare neta to rape par bolte he ladko se galti ho jati he,0
haan yaar i hate all this taam jhaam,1
bhosdike mar ja,1
hai jaise hitler musolini stalin bagdadi aye the or sab khatm ho gye vaise ye daur bhi history ho jayega,0
ambala ho ya patiala i hate laddoosss,1
aur awaam apni betiyan rape karwanay ka intezaar karay yehi matlab hai na aapka,0
t3ri g j,1
malum h nahi to murder karwa dogey bhai sahabuddin chela jail mn band h na,0
sala hijda,1
teri maa ka bharosa,1
saala napunsak,1
tu toh serious baat mein bhi mazaak nikaal deta hai,0
agar apke baap ka naam rajive gandhi hai dadi ka naam indria gandhi hai to rape karo up mai bangla milega delhi mai,1
to bhi dhiyan rakh kahin teri izat na lut jy tera rape na ho jay haha,0
tu toh bolta hai paisa aayega jaayega,0
are yarr aur 4 log chahiye tha muje tera murder karne k liye akeli kese krungi,1
saale bhen ke lode bohot deshbhakt bana firta hai aur tere fraud deshbhakt ko koi kuch bol de to bhagwan se uske rape ke liye dua karta hai akki ki fraud deshbhakti se bahar nikal aur desh ke liye sach mein kuch kar kisi ki behen ki rape ki dua karke tu jhaat bhi nahi ukhadega,1
aho tumhy rape kar k barbad hona hai,0
bhai tu toh full influencer banne chala hai follower 43,0
bihado me bagi hote the ye v wahi hai vyawastha se pareshan sipahi kya kare neta murga khaye aur use sukhi roti chai i hate leader,1
2 din lagne h buss anji ruk jana delhi to thag h waise bhi kitne rape bhi ho rahe,0
tere pure khandan ko brothel ka franchise de dunga,1
mein to teri maa ke paas se guzra to us ne apna giraban phaar ke mujh pe rape ka ilzam laga dia phir tu paida huwa hahahahah,0
bhai tu toh bilkul kanjoos macchi hai,0
behanchod apni anchor ko bhi nahi jaante p pakistan to hai bura terrorism fela raha hai p or actor ko bheek de dete hai d,0
woo terrorism nahi kya bina toilet people,0
tu toh bolta hai main alag hu phir sabke jaisa hi hai,0
atankwadi,1
aarz kiya hai station peh gaadi aksar late hoti hai station peh gaadi aksar late hoti hai jisse love hota hai ussi se hate hoti hai mera rudy,0
dekhna ek din koi inke jindagi ka rape karke chala jayega,0
ar haa bhul gaya may tujhay kaha ye samj ayega tujhay bs rape karna ayega,0
toota,1
i hate patta from starting mummy pareshan ho hai is chij ko lekar nd dhaniya ab vo bi ni achi lagti waqt ke sath,1
tum to wahi west bangal me hi rahti ho tumhara kitne baar rape huaa hai,0
aur ye bhi kehta h k bht sare rape case to darj hi nhi hote ek to chota mulk hmare 10 bhi population nhi hogi tumhari,0
hai to asaram to rapist hai ab tum halala me jo rape hue hai usko condemn kar zara,1
rape se yad aaya sister aa gai ghar wapis,0
abe dhakan islam sirf 1400 saal purana hai tum sab ko rape karke marke conversion karke mulla banaya,0
arey chill kar bhai thandi ho ja,0
karnataka me chunav ki taiyari kr rhe h modi ji or inke neta whi ki piditaa k sath rape krne ki koshish krte pakde gye shame bjp shame pic twitter com 42y83jv1d8,0
but usse samajhna chahiye bashing uske liye nhi ragini ke liye hai,0
modi ji hamare pm aap kuhub bhasan dete hai kya school me rape ho raha hai aur aap kuch nahi bol rahe hai,0
teri behen ki chut mein bulldozer ghusa ke flyover bana dunga,1
ha ha ha jaise pak me rape nahi hota bhai pak is the no 1 in terrorist supply riot hua bandh bhi hogaya pak ne kya terrorism chor diya,0
jab k usay janam deny wali maa bhi aurat zaat h0ti hai,0
bh k j,1
i hate the whole picture aapko gap ki padi hain waise gaur karne wala baat hain,1
t3ri m ki ch t,1
congress neta aur ravish ndtv ke bhai pe rape aarop neta farar,0
yahan hum safe hain india ke tarha rape ke tension nhi hai,0
harami aadmi,1
apnay raw bap ko jab tak lagam nahi do gay tab taq pakistan ma terrorism bandh nahi ho sakta chand kutay abi be lock up ma hain kalboshan,0
shilpa fan ki wajah se hi shilpa ko hate krti ho,1
zaida baap mat bana karo betay ho betay ban kar raho aur ab tum terrorism funding band karo,0
gaand marwa le,1
achcha choddo tum log jeeto aur hazaron bar jeeto sirf kashmir me terrorism bandh kr do ind mujhe har manzoor hai we want peace in kashmir,0
bcoz aur kuch kaam dhandha hai hi nai tum logo k paas terrorism felane ka business bhi hamare modi ji ne band karwa diya tum logo ka,1
bhati sab ek foji ne asma jahngir ki sath rape kia tha air ek bacha hoa so adalat gye insaf ni mila tu ab wo media ko be na bteye had ha,0
delhi me bhi yhi kha tha fir rape murder kyu badh gya itna lgta hai bhul gye ap vha bhi aap hai,1
saudi me chori pe haath aur rape pe penis kaat dete hai,0
doctor ne pthaan se kha ap ka or ap ki biwi ka blood group aik hi hai,0
twitter pay kisy ko hate nae karta aur bahir kisy k lia dil ma bugaz nae rakhta,0
words for lopa shakal bhi gandi dil bhi ganda sab kuch ganda hate her,0
gau raksha ke naam pe murder to suna tha per swacha bharat ke naam pe rajesthan me ek muslim ko government ke logo ne jaan se mardiya wah,0
sir inhone dikha diya aap hamla karke inki veins main kiska khoon behta hai ye bus ek bujurg par apni takat dikha sakte h,1
kuch ansari jaise log bahut barso ke shadi shuda hone ke bawajood bhi toh maze ke liye rape karte hain,1
or jo log apni daughter se rape karte hai unko kya kahenge,0
ab raat ho gayi hai ghar sai bahar mat ana warna rape ho jai gi chal bhag bhosdiki,0
i feel like nafrat se accha dusmani ho jaaye kuch toh result aayega,1
chutiya kahinka,1
baleegh ur rehman ka rape chal raha hai hamir mir k show mai,0
waise zainab ke qatil ka kya bana us se pehle qasorr me 10 masoom bachiyon ke rape cases ka mamla hy us ka kya bana 285 bachon ka rape or video scandal tha us ka kya bana,0
aor terrorism hum phela rahay,0
ab se main bhi locki ki sabzi naho khaungi i hate this sabzi,1
dil bara hojaye toh khoon bhi chaiye hota hai guys aur dil main basne walay khoon pi jaatay hain tbh,0
nichta ki had h rape kisi ka karna aur sharm ki baat h jinka rape hua h use hi apradhi ki tahar bartav katna,1
right bahar aake even hina jo vikas ko hate krti thi shilpa ko hate krti thi usne bhi last mein vikas se frndship krli and shilpa ke liye bola ki they will all go for some picnic or long trip but maharani shilpa bolti hai woh hina se and akash se kabhi ni milegi,0
tak payah tak payah i hate suprise,1
sir aap ko unko reply dekar batane ki jarurat bilkul nahi thi ki aapne kya khel khele hai aur aapne kya aur kyu kamaya hai hate such ppl,0
sirr kash intna hungama rape k against hota to aaj india se rape khatam hogy hota itni himmat itni aawaj ye log hindustan ki ldkio ki safety ke liye dikhate to sach me is desh ki ldkiya grv see khti ha hm is desh ki rhne wali h bt reality kuch ur h,1
yaar hum bhi bura haray thay lekin yeh to rape hai kyon,0
baajirao mastani was a diff film and that movie was based on their love story aur ek film ko aap log itnaa seriously le rahein hain jo itne rape cases aur auraton ke saath jo dush karam hotey hain uske liye toh aap log koi morcha nahin nikalate,0
madarchod media,1
hindustan ka law and order world me kachra hai rape ki case sunwayi hote hote rapist mar jate h isi ka raga bachaw karenge,1
bhai sahi movie hai dekh ke ek aadha murder apun ko bhi karne ka hai kya acting hai ki,0
bhai tu toh legend hai legend,0
anil apna jo bhi gussa ya jo bhi hai woh jaa ke sahi jagah pe nikalo zubina pe is tarah ke ghatiya aur hate tweet mat karo,0
ab jo bhi ho tera to rape hogai re baba,0
tu toh full future tense mein jeeta hai,0
acha gee sehwag ka dad tu waseem akram hai app sary indian rape se paida hoty ho,0
tweet karke hat gaya aur yaha hazaro log ek dusre ko bura bhala keh rahe apas mein mohobbat ki baat karo nafrat ki nahi,0
waise bhi aap to gobar bhakt ho dimag me bhi gobar hi bhara hai to aap kya samjhoge terrorism ka matlab,0
pakistan hindu ki gaand mei danda dete hain aur hindus apni women ko rape kar ke kush ho jatain hain,1
brahma ne rape nahi kia sirf bura socha aur isiliye hum uski pooja nahi karte mohammad rape kiye phir bhi uska kaahe chate ho ye btao,0
